{"type":"FeatureCollection","features":[{"type":"Feature","properties":{"id":"1","name":"Koshi"},"geometry":{"type":"MultiPolygon","coordinates":[[[[86.58,28.1107],[86.5973,28.1031],[86.608,28.0922],[86.6038,28.0825],[86.616,28.0735],[86.6336,28.0711],[86.65,28.0748],[86.6592,28.0858],[86.6621,28.0964],[86.6754,28.1024],[86.6846,28.106],[86.7014,28.1074],[86.711,28.1061],[86.7241,28.1048],[86.7396,28.1022],[86.7483,28.095],[86.7478,28.0894],[86.7476,28.0857],[86.7506,28.0817],[86.7591,28.0783],[86.7644,28.075],[86.7626,28.0723],[86.7559,28.069],[86.7526,28.0621],[86.7512,28.0542],[86.7469,28.0506],[86.7498,28.0433],[86.7525,28.0383],[86.7581,28.0353],[86.7637,28.0363],[86.7716,28.0373],[86.7757,28.036],[86.7782,28.033],[86.7797,28.0282],[86.781,28.0262],[86.7848,28.0245],[86.7882,28.021],[86.7933,28.0204],[86.8006,28.0226],[86.8062,28.0225],[86.8105,28.0196],[86.8158,28.0198],[86.8232,28.0183],[86.8271,28.0166],[86.8323,28.0153],[86.8377,28.0163],[86.8415,28.0177],[86.8466,28.0195],[86.8477,28.0233],[86.8516,28.0275],[86.8557,28.0273],[86.8605,28.0268],[86.8635,28.026],[86.8689,28.0241],[86.8725,28.0209],[86.8714,28.0168],[86.8723,28.0118],[86.8759,28.0088],[86.8794,28.0057],[86.8849,28.0013],[86.8961,27.9956],[86.9103,27.9925],[86.9196,27.9891],[86.9279,27.9828],[86.9328,27.9724],[86.9368,27.9616],[86.9472,27.9575],[86.959,27.9562],[86.9703,27.955],[86.98,27.9509],[86.993,27.9548],[87.0088,27.9535],[87.0213,27.9515],[87.0358,27.9506],[87.0444,27.9408],[87.0534,27.9266],[87.0668,27.9233],[87.0778,27.9111],[87.081,27.9007],[87.0866,27.8906],[87.0929,27.8807],[87.1069,27.8753],[87.108,27.8653],[87.1082,27.8543],[87.112,27.8449],[87.1197,27.84],[87.1293,27.8362],[87.1396,27.8372],[87.1537,27.8288],[87.1641,27.8231],[87.1771,27.8208],[87.1914,27.8203],[87.2028,27.8224],[87.2137,27.8231],[87.2238,27.8226],[87.2288,27.826],[87.2374,27.8369],[87.25,27.8431],[87.2638,27.8497],[87.2767,27.8469],[87.291,27.8448],[87.3041,27.8432],[87.3106,27.8317],[87.3255,27.8265],[87.3415,27.8284],[87.356,27.8278],[87.3681,27.8382],[87.3853,27.8486],[87.4018,27.8517],[87.4186,27.8625],[87.4262,27.855],[87.432,27.8431],[87.4201,27.8407],[87.4049,27.8373],[87.4174,27.8322],[87.4374,27.8261],[87.4551,27.8241],[87.4696,27.8334],[87.4839,27.8434],[87.4962,27.8451],[87.5103,27.8468],[87.5244,27.8438],[87.5374,27.8439],[87.5482,27.8541],[87.5541,27.8658],[87.5699,27.8631],[87.5804,27.8598],[87.5868,27.8481],[87.5905,27.8345],[87.5895,27.8204],[87.6028,27.8203],[87.6122,27.8106],[87.6174,27.8193],[87.6311,27.8242],[87.6358,27.8344],[87.6489,27.8346],[87.6642,27.8362],[87.6672,27.8277],[87.6638,27.8167],[87.6677,27.8072],[87.6769,27.8099],[87.6902,27.8119],[87.7022,27.8111],[87.7138,27.8103],[87.7254,27.8053],[87.7341,27.8108],[87.7343,27.8201],[87.7422,27.8305],[87.7497,27.8355],[87.7558,27.8414],[87.7588,27.8482],[87.7643,27.8555],[87.771,27.8621],[87.7782,27.8657],[87.7776,27.8739],[87.7772,27.8812],[87.7799,27.8887],[87.7832,27.8948],[87.7885,27.9013],[87.796,27.9051],[87.8041,27.909],[87.8075,27.9155],[87.8132,27.9213],[87.82,27.9199],[87.8255,27.9236],[87.8266,27.9327],[87.8262,27.9404],[87.8298,27.9477],[87.8336,27.952],[87.8429,27.9493],[87.8502,27.9486],[87.8573,27.9447],[87.8593,27.9377],[87.854,27.9288],[87.8605,27.923],[87.8643,27.9132],[87.8733,27.9141],[87.8842,27.912],[87.8943,27.9111],[87.9036,27.9146],[87.9112,27.9165],[87.9195,27.916],[87.9299,27.9179],[87.9365,27.9124],[87.9458,27.91],[87.9543,27.9097],[87.9596,27.9037],[87.9657,27.8939],[87.9758,27.8898],[87.9855,27.8868],[87.9946,27.8924],[87.9994,27.8961],[88.0038,27.8984],[88.0095,27.8987],[88.0144,27.8987],[88.02,27.8971],[88.0228,27.8989],[88.0259,27.904],[88.0304,27.9059],[88.0353,27.9049],[88.0402,27.9011],[88.0452,27.8995],[88.0503,27.8975],[88.0543,27.8958],[88.0561,27.8911],[88.0583,27.8884],[88.0629,27.8871],[88.0656,27.8871],[88.0698,27.8916],[88.0732,27.8939],[88.0791,27.896],[88.0841,27.8955],[88.0856,27.8926],[88.0891,27.8885],[88.0899,27.8823],[88.0904,27.8757],[88.093,27.8697],[88.0973,27.8673],[88.1084,27.8678],[88.1183,27.8738],[88.1247,27.8802],[88.132,27.8817],[88.1388,27.8785],[88.1432,27.8784],[88.1486,27.8769],[88.153,27.8723],[88.156,27.871],[88.1626,27.8692],[88.1692,27.8647],[88.1732,27.8626],[88.1759,27.8597],[88.1781,27.857],[88.1833,27.8571],[88.1873,27.8545],[88.191,27.8546],[88.1966,27.8534],[88.197,27.8489],[88.198,27.8458],[88.2013,27.8429],[88.2013,27.8375],[88.1966,27.8366],[88.1931,27.8336],[88.1888,27.8268],[88.1826,27.8231],[88.1779,27.8223],[88.1732,27.8204],[88.1738,27.8174],[88.1783,27.8161],[88.1842,27.8113],[88.1858,27.8081],[88.1863,27.8029],[88.1884,27.7994],[88.1913,27.7979],[88.1939,27.7961],[88.1963,27.793],[88.1969,27.7904],[88.1953,27.7866],[88.188,27.7809],[88.1854,27.7774],[88.1814,27.7754],[88.1816,27.7717],[88.1832,27.7673],[88.182,27.764],[88.1772,27.7589],[88.1776,27.7533],[88.1762,27.7462],[88.1697,27.7417],[88.1615,27.7405],[88.1569,27.7373],[88.1546,27.7286],[88.1555,27.7199],[88.1532,27.7131],[88.1478,27.7035],[88.1508,27.6964],[88.1535,27.6894],[88.1486,27.6826],[88.1459,27.6721],[88.1413,27.6623],[88.1346,27.6565],[88.128,27.6524],[88.1205,27.6458],[88.1205,27.6385],[88.1174,27.6302],[88.117,27.6237],[88.1141,27.6141],[88.1096,27.6067],[88.1023,27.6016],[88.0924,27.5972],[88.0863,27.5916],[88.082,27.5851],[88.0781,27.5766],[88.0766,27.5705],[88.0793,27.5622],[88.0716,27.5567],[88.0687,27.548],[88.0631,27.5416],[88.059,27.5337],[88.0663,27.5281],[88.0596,27.5227],[88.0609,27.5135],[88.057,27.508],[88.0496,27.5032],[88.0445,27.4978],[88.0438,27.4889],[88.044,27.4786],[88.0526,27.4702],[88.0596,27.4624],[88.0663,27.4562],[88.0691,27.4488],[88.0706,27.4431],[88.0701,27.4362],[88.0801,27.4301],[88.0753,27.4264],[88.0683,27.4257],[88.0581,27.4185],[88.0512,27.4133],[88.047,27.4052],[88.0465,27.3968],[88.0451,27.388],[88.045,27.3801],[88.0417,27.3721],[88.0472,27.3631],[88.0576,27.3557],[88.0614,27.3471],[88.0648,27.3412],[88.0631,27.3338],[88.0569,27.327],[88.051,27.3215],[88.0481,27.3124],[88.0411,27.3031],[88.0435,27.2925],[88.0348,27.2891],[88.033,27.2817],[88.0303,27.272],[88.0307,27.263],[88.0312,27.2525],[88.0257,27.2448],[88.0228,27.2379],[88.0198,27.2316],[88.0182,27.2244],[88.0133,27.218],[88.0155,27.2112],[88.0122,27.2033],[88.0159,27.1951],[88.014,27.1886],[88.013,27.1829],[88.0143,27.1765],[88.0193,27.1711],[88.0139,27.1671],[88.0115,27.1632],[88.0095,27.157],[88.0084,27.1496],[88.0058,27.1434],[88.0007,27.1383],[87.9988,27.1339],[87.9918,27.1311],[87.9888,27.1236],[87.9886,27.1177],[87.9911,27.109],[88.0007,27.1039],[88.0085,27.1004],[88.0123,27.0963],[88.0155,27.0895],[88.0208,27.0862],[88.0176,27.078],[88.0188,27.0701],[88.0228,27.0655],[88.0261,27.0574],[88.0289,27.0495],[88.0328,27.0443],[88.0368,27.0392],[88.0414,27.0363],[88.051,27.0344],[88.058,27.0317],[88.0647,27.0313],[88.075,27.0347],[88.0807,27.0326],[88.0837,27.0228],[88.0886,27.0134],[88.0901,27.0072],[88.098,27.0039],[88.105,26.9973],[88.1091,26.993],[88.1165,26.9882],[88.1271,26.9877],[88.1343,26.9866],[88.1341,26.9833],[88.1298,26.9792],[88.1255,26.9732],[88.1223,26.9673],[88.1225,26.9624],[88.122,26.9577],[88.1208,26.9515],[88.1231,26.9474],[88.1267,26.9427],[88.1303,26.939],[88.1341,26.936],[88.1382,26.9319],[88.1408,26.9272],[88.144,26.9235],[88.1448,26.9191],[88.145,26.9156],[88.1419,26.91],[88.1396,26.9059],[88.1392,26.9019],[88.1367,26.8984],[88.1407,26.8951],[88.1434,26.8912],[88.1473,26.8886],[88.1509,26.8867],[88.1555,26.8854],[88.1575,26.8831],[88.162,26.8807],[88.1643,26.8754],[88.1669,26.8703],[88.1722,26.8689],[88.1734,26.8649],[88.1724,26.8602],[88.1737,26.8579],[88.1745,26.854],[88.1703,26.8515],[88.1675,26.8483],[88.1707,26.8453],[88.1684,26.8416],[88.1686,26.8366],[88.1742,26.8336],[88.1721,26.8269],[88.1754,26.8219],[88.179,26.8162],[88.1781,26.8094],[88.1788,26.7998],[88.182,26.792],[88.1849,26.7832],[88.1872,26.7746],[88.1877,26.7649],[88.1862,26.7557],[88.1863,26.7453],[88.1847,26.7322],[88.1798,26.7163],[88.1698,26.7022],[88.1677,26.691],[88.1641,26.6786],[88.1645,26.6664],[88.1634,26.6531],[88.1595,26.6426],[88.1546,26.6305],[88.142,26.6254],[88.141,26.6232],[88.1406,26.6207],[88.1405,26.6135],[88.1274,26.5816],[88.1296,26.58],[88.1302,26.5776],[88.1301,26.5752],[88.1294,26.573],[88.1276,26.5741],[88.1267,26.5765],[88.1245,26.5776],[88.1234,26.5761],[88.1252,26.5744],[88.1232,26.5725],[88.1179,26.5735],[88.1186,26.5712],[88.1193,26.5689],[88.1173,26.569],[88.1151,26.5703],[88.1122,26.5715],[88.1116,26.569],[88.1125,26.567],[88.1118,26.5649],[88.1138,26.5661],[88.115,26.5656],[88.1133,26.5637],[88.1108,26.5625],[88.1123,26.5606],[88.1136,26.5586],[88.1113,26.5571],[88.1087,26.5576],[88.1054,26.5545],[88.1027,26.5399],[88.1002,26.5394],[88.0982,26.5375],[88.0988,26.5351],[88.1013,26.5354],[88.1035,26.5366],[88.1036,26.5343],[88.1028,26.5317],[88.1039,26.5297],[88.1043,26.525],[88.0947,26.5159],[88.0965,26.5124],[88.0936,26.5096],[88.0909,26.5061],[88.0931,26.5047],[88.0957,26.5051],[88.0982,26.5063],[88.0992,26.504],[88.0994,26.5015],[88.1004,26.4991],[88.0997,26.4967],[88.1005,26.4942],[88.1028,26.4929],[88.1034,26.4906],[88.1057,26.4896],[88.1046,26.4872],[88.1026,26.4854],[88.1009,26.4833],[88.1003,26.4808],[88.1017,26.4787],[88.1045,26.4781],[88.1068,26.4767],[88.1069,26.4742],[88.105,26.4723],[88.1022,26.4718],[88.0995,26.4726],[88.0983,26.4718],[88.1006,26.4705],[88.103,26.4689],[88.1036,26.4666],[88.1013,26.4651],[88.0985,26.4648],[88.0956,26.465],[88.0929,26.4643],[88.0922,26.4621],[88.0935,26.4598],[88.0947,26.4576],[88.0959,26.4553],[88.0968,26.4528],[88.0969,26.4502],[88.0965,26.4476],[88.0964,26.445],[88.0961,26.4424],[88.0958,26.4397],[88.0943,26.4375],[88.0918,26.4362],[88.0893,26.4349],[88.0872,26.4333],[88.0854,26.4313],[88.0843,26.4291],[88.0838,26.4266],[88.082,26.4246],[88.0805,26.4225],[88.0788,26.4204],[88.0767,26.4186],[88.0747,26.417],[88.0724,26.4154],[88.0701,26.4139],[88.0694,26.4115],[88.0707,26.4091],[88.0698,26.4079],[88.0676,26.409],[88.0659,26.4085],[88.064,26.4092],[88.0632,26.4106],[88.0605,26.4099],[88.0587,26.408],[88.057,26.4074],[88.0563,26.4061],[88.0563,26.4044],[88.0547,26.4028],[88.0557,26.4012],[88.0531,26.4011],[88.0518,26.3994],[88.0503,26.4008],[88.0478,26.4009],[88.0458,26.4004],[88.0463,26.3987],[88.0448,26.3975],[88.0452,26.3966],[88.0429,26.3964],[88.0411,26.3957],[88.0421,26.3946],[88.0396,26.3945],[88.0376,26.3933],[88.0368,26.3915],[88.0353,26.3913],[88.0347,26.3911],[88.0344,26.3885],[88.032,26.3881],[88.0317,26.3857],[88.0312,26.3835],[88.0301,26.3834],[88.0275,26.3825],[88.0279,26.3802],[88.0297,26.3792],[88.0312,26.3779],[88.03,26.3762],[88.029,26.3759],[88.029,26.3741],[88.0288,26.3724],[88.0274,26.3706],[88.0287,26.3685],[88.0308,26.3669],[88.0293,26.3649],[88.0263,26.3644],[88.0234,26.3639],[88.0203,26.3634],[88.0174,26.3629],[88.0144,26.3623],[88.0117,26.3619],[88.0087,26.3613],[88.0062,26.3619],[88.0052,26.3638],[88.0029,26.3652],[88.003,26.366],[88.0007,26.3663],[87.9985,26.3654],[87.9952,26.3665],[87.9937,26.3697],[87.992,26.3722],[87.9333,26.4176],[87.9282,26.4177],[87.9263,26.4204],[87.9267,26.4263],[87.9229,26.4294],[87.9169,26.4304],[87.9193,26.4362],[87.9254,26.4401],[87.9247,26.4459],[87.9,26.4776],[87.8635,26.4669],[87.8627,26.4646],[87.86,26.4638],[87.858,26.4631],[87.8587,26.4609],[87.8586,26.4595],[87.8582,26.4572],[87.8591,26.4549],[87.8615,26.4536],[87.8617,26.452],[87.861,26.4497],[87.8216,26.4555],[87.7921,26.4688],[87.7912,26.4665],[87.7904,26.4685],[87.7883,26.4691],[87.7862,26.4676],[87.7885,26.4666],[87.7898,26.465],[87.7875,26.4647],[87.786,26.4651],[87.7863,26.4629],[87.7887,26.462],[87.787,26.4601],[87.7846,26.4587],[87.7832,26.4566],[87.7825,26.4542],[87.7799,26.4535],[87.7775,26.4533],[87.7791,26.4513],[87.7768,26.4511],[87.7741,26.4509],[87.775,26.449],[87.7767,26.4473],[87.7767,26.4448],[87.7759,26.4427],[87.7773,26.4424],[87.7749,26.4411],[87.7745,26.4388],[87.7731,26.4367],[87.7747,26.4355],[87.7768,26.4371],[87.7775,26.4349],[87.7768,26.4324],[87.7758,26.43],[87.7738,26.4314],[87.7727,26.4294],[87.7748,26.428],[87.7745,26.427],[87.772,26.4277],[87.7708,26.4271],[87.7732,26.4258],[87.7759,26.4256],[87.7747,26.4236],[87.7731,26.4215],[87.7745,26.421],[87.7762,26.4223],[87.7748,26.4202],[87.7722,26.4199],[87.7713,26.422],[87.7697,26.4201],[87.7678,26.419],[87.7675,26.4169],[87.7676,26.4147],[87.7655,26.4132],[87.7671,26.4114],[87.7646,26.4104],[87.7239,26.4157],[87.7186,26.4222],[87.7136,26.4244],[87.6518,26.3936],[87.6235,26.3929],[87.6041,26.381],[87.5868,26.3843],[87.5876,26.3903],[87.5832,26.3938],[87.5368,26.4211],[87.4894,26.4366],[87.4727,26.4393],[87.4571,26.4376],[87.4415,26.4321],[87.4258,26.4225],[87.4088,26.4214],[87.3902,26.4194],[87.3786,26.4096],[87.3572,26.3896],[87.3219,26.3603],[87.2755,26.3727],[87.2655,26.3904],[87.266,26.4039],[87.2606,26.4094],[87.2541,26.4105],[87.2497,26.4099],[87.2475,26.414],[87.2286,26.4135],[87.2268,26.4118],[87.2264,26.4104],[87.2239,26.4087],[87.2238,26.4062],[87.2206,26.405],[87.2184,26.4034],[87.216,26.4071],[87.2141,26.4085],[87.2118,26.4109],[87.1888,26.4067],[87.1499,26.4093],[87.1209,26.4285],[87.1075,26.4384],[87.091,26.4532],[87.0865,26.4787],[87.0788,26.5276],[87.0449,26.5873],[87.0043,26.5285],[86.9657,26.5225],[86.9552,26.5211],[86.9402,26.5169],[86.9287,26.4988],[86.9299,26.4897],[86.9166,26.489],[86.904,26.4886],[86.9066,26.4937],[86.911,26.4978],[86.915,26.5004],[86.916,26.5084],[86.9237,26.5233],[86.9409,26.5356],[86.9557,26.5417],[86.9687,26.5516],[86.9774,26.5605],[86.9915,26.5713],[86.9825,26.5864],[86.9891,26.6075],[86.9789,26.6254],[86.988,26.6354],[86.9905,26.6468],[87.0001,26.655],[87.0046,26.662],[87.0115,26.6695],[87.0124,26.6767],[87.0121,26.6871],[87.0135,26.6985],[87.0096,26.708],[87.0052,26.7089],[87.0005,26.709],[86.9949,26.7028],[86.9877,26.7005],[86.9824,26.7155],[86.9717,26.7248],[86.9611,26.7354],[86.9407,26.7358],[86.9279,26.7467],[86.9278,26.7575],[86.9237,26.7651],[86.9164,26.7624],[86.9087,26.7593],[86.9087,26.7517],[86.9103,26.7424],[86.9073,26.7368],[86.9043,26.7349],[86.9014,26.7307],[86.8977,26.7258],[86.8923,26.7222],[86.8851,26.7127],[86.8772,26.7126],[86.8706,26.7124],[86.8634,26.7012],[86.8558,26.6974],[86.8496,26.6927],[86.8442,26.6935],[86.8419,26.6952],[86.8393,26.7058],[86.8341,26.7117],[86.8239,26.7143],[86.8158,26.7098],[86.8102,26.7088],[86.8047,26.7123],[86.7992,26.7115],[86.7932,26.7087],[86.7844,26.7049],[86.7783,26.7028],[86.7699,26.6993],[86.7623,26.6953],[86.754,26.6885],[86.7528,26.6906],[86.7503,26.6967],[86.7457,26.6982],[86.7429,26.7014],[86.7407,26.7052],[86.7389,26.7109],[86.734,26.7121],[86.7287,26.7103],[86.7222,26.7095],[86.718,26.7068],[86.7119,26.7073],[86.7058,26.7059],[86.7032,26.7015],[86.6961,26.6949],[86.6865,26.6887],[86.6785,26.6902],[86.672,26.6933],[86.6711,26.6971],[86.6674,26.7026],[86.662,26.6999],[86.6574,26.6936],[86.6511,26.6908],[86.6459,26.6941],[86.6387,26.6976],[86.6335,26.6973],[86.6278,26.6932],[86.6226,26.6924],[86.6154,26.6947],[86.6104,26.6892],[86.6049,26.6933],[86.6023,26.6997],[86.5958,26.6971],[86.5891,26.6974],[86.5862,26.699],[86.5826,26.7057],[86.5835,26.7116],[86.5802,26.7159],[86.5721,26.7224],[86.5717,26.7335],[86.5694,26.7409],[86.5588,26.7447],[86.5541,26.7484],[86.5608,26.7566],[86.5678,26.7661],[86.5737,26.7715],[86.5774,26.7811],[86.5698,26.7835],[86.5654,26.784],[86.5641,26.79],[86.5586,26.79],[86.551,26.7864],[86.5475,26.7819],[86.5398,26.784],[86.5374,26.7879],[86.5324,26.7931],[86.5354,26.8],[86.5409,26.7996],[86.5448,26.8063],[86.5533,26.8146],[86.5516,26.8244],[86.5534,26.8315],[86.55,26.8362],[86.5382,26.8337],[86.532,26.8316],[86.5195,26.8319],[86.5185,26.8422],[86.5124,26.8408],[86.5083,26.8464],[86.5053,26.8547],[86.4961,26.8566],[86.4941,26.861],[86.4917,26.8646],[86.4878,26.8682],[86.4837,26.8699],[86.4803,26.871],[86.4811,26.8752],[86.4779,26.8816],[86.4784,26.8877],[86.4676,26.8869],[86.4597,26.8877],[86.4515,26.8893],[86.4467,26.8914],[86.4407,26.8946],[86.4336,26.8981],[86.4299,26.9012],[86.422,26.9036],[86.4163,26.9059],[86.4085,26.9072],[86.4025,26.9088],[86.3958,26.9094],[86.3886,26.9081],[86.3827,26.9082],[86.3817,26.9009],[86.3771,26.8936],[86.3743,26.8864],[86.37,26.8806],[86.3672,26.8735],[86.3588,26.875],[86.3472,26.8774],[86.3344,26.8798],[86.3251,26.8793],[86.3159,26.8797],[86.3096,26.8827],[86.2995,26.8848],[86.2916,26.8862],[86.2841,26.8856],[86.2735,26.883],[86.2666,26.8773],[86.2569,26.8727],[86.2516,26.8683],[86.2453,26.8643],[86.2342,26.8747],[86.2274,26.8807],[86.2141,26.8842],[86.2021,26.8891],[86.1947,26.8939],[86.1871,26.8966],[86.1791,26.8996],[86.1705,26.9098],[86.1629,26.9145],[86.1575,26.9208],[86.1583,26.9263],[86.1753,26.9166],[86.1888,26.9054],[86.203,26.9011],[86.2164,26.8936],[86.2241,26.8921],[86.2252,26.9041],[86.2383,26.9042],[86.2465,26.9151],[86.2553,26.9115],[86.2595,26.9198],[86.2671,26.9297],[86.2785,26.9349],[86.2809,26.9442],[86.2874,26.9498],[86.296,26.9522],[86.3058,26.9585],[86.316,26.9636],[86.3244,26.9638],[86.3342,26.9644],[86.3434,26.9642],[86.3542,26.9657],[86.3616,26.9748],[86.3665,26.9858],[86.3679,26.9981],[86.371,27.0026],[86.3727,27.0101],[86.3721,27.0153],[86.3754,27.021],[86.3773,27.0266],[86.3793,27.0313],[86.3823,27.0324],[86.375,27.0348],[86.368,27.0371],[86.3641,27.0432],[86.3641,27.0502],[86.3593,27.0561],[86.352,27.0613],[86.3509,27.0668],[86.3463,27.0655],[86.347,27.0705],[86.351,27.072],[86.3525,27.0747],[86.3536,27.0762],[86.3553,27.0805],[86.3582,27.0846],[86.3588,27.0918],[86.3602,27.0972],[86.3592,27.0996],[86.3562,27.1033],[86.3501,27.1048],[86.3441,27.1057],[86.3378,27.1041],[86.333,27.1004],[86.326,27.0998],[86.3195,27.101],[86.3139,27.1027],[86.3093,27.1057],[86.3084,27.1097],[86.3154,27.1105],[86.3214,27.1103],[86.3261,27.1108],[86.329,27.1159],[86.3334,27.1219],[86.3359,27.1265],[86.3347,27.1282],[86.3347,27.1308],[86.3377,27.1337],[86.3366,27.1361],[86.341,27.1411],[86.3437,27.1473],[86.3482,27.1439],[86.3535,27.1433],[86.3586,27.1406],[86.3643,27.1418],[86.3692,27.1449],[86.3743,27.1483],[86.3727,27.1535],[86.375,27.1604],[86.379,27.1647],[86.3813,27.1693],[86.3849,27.1734],[86.3877,27.1778],[86.3835,27.1836],[86.3804,27.1909],[86.3747,27.1939],[86.3667,27.1943],[86.3581,27.2015],[86.3456,27.202],[86.3399,27.2104],[86.3431,27.2209],[86.3413,27.2287],[86.3307,27.2309],[86.3193,27.2317],[86.311,27.2327],[86.3042,27.2375],[86.2934,27.2401],[86.2825,27.2459],[86.2724,27.2522],[86.2635,27.2591],[86.2558,27.2536],[86.2444,27.2476],[86.239,27.2409],[86.2287,27.2374],[86.2207,27.2403],[86.2134,27.2454],[86.2036,27.2503],[86.205,27.2553],[86.2111,27.2609],[86.2141,27.2676],[86.2185,27.2704],[86.2235,27.2764],[86.2278,27.2791],[86.234,27.2855],[86.2406,27.2895],[86.2354,27.2975],[86.2375,27.3042],[86.2335,27.3084],[86.2298,27.3149],[86.2276,27.3203],[86.2192,27.324],[86.2194,27.3283],[86.2164,27.3348],[86.2166,27.3422],[86.2183,27.3511],[86.2207,27.3581],[86.2195,27.3629],[86.2247,27.3719],[86.222,27.3821],[86.2255,27.3859],[86.2273,27.3918],[86.2292,27.399],[86.2363,27.4046],[86.2372,27.4095],[86.2405,27.4159],[86.2461,27.4193],[86.2507,27.427],[86.2563,27.4365],[86.257,27.4455],[86.2683,27.4596],[86.2786,27.4647],[86.2887,27.4683],[86.294,27.4772],[86.3047,27.4825],[86.3129,27.4906],[86.3194,27.4988],[86.3284,27.5068],[86.3341,27.5147],[86.3477,27.5234],[86.3569,27.5282],[86.3585,27.5398],[86.3703,27.5511],[86.3722,27.5628],[86.3834,27.5718],[86.3944,27.579],[86.4078,27.5845],[86.418,27.5914],[86.4281,27.6035],[86.4393,27.6112],[86.4589,27.6151],[86.4759,27.616],[86.4928,27.6144],[86.5042,27.6336],[86.5161,27.6469],[86.5282,27.658],[86.5388,27.675],[86.5398,27.7],[86.5513,27.7176],[86.5563,27.7325],[86.5645,27.7501],[86.5711,27.7584],[86.564,27.7696],[86.5656,27.7828],[86.5688,27.7946],[86.5646,27.8051],[86.5516,27.8094],[86.5404,27.8149],[86.544,27.8277],[86.5496,27.8453],[86.5539,27.8637],[86.5526,27.8807],[86.5521,27.8966],[86.5534,27.9118],[86.5464,27.9314],[86.5328,27.942],[86.5193,27.9466],[86.5139,27.9596],[86.5187,27.9715],[86.5137,27.9817],[86.5157,27.9929],[86.517,28.0028],[86.5202,28.0109],[86.5236,28.0216],[86.5307,28.0297],[86.5333,28.0409],[86.5365,28.0508],[86.5512,28.0526],[86.5573,28.0606],[86.5653,28.069],[86.5587,28.0775],[86.5643,28.0865],[86.5644,28.0978],[86.5637,28.1086],[86.5764,28.1129],[86.58,28.1107]]]]}},{"type":"Feature","properties":{"id":"2","name":"Madhesh"},"geometry":{"type":"MultiPolygon","coordinates":[[[[84.5653,27.4632],[84.5735,27.4563],[84.5826,27.455],[84.5906,27.4533],[84.6013,27.4511],[84.612,27.452],[84.6219,27.4519],[84.6263,27.4504],[84.6317,27.4472],[84.6369,27.4441],[84.6416,27.4441],[84.6432,27.4384],[84.646,27.4327],[84.6535,27.4309],[84.6608,27.4327],[84.663,27.4297],[84.6692,27.4292],[84.68,27.4298],[84.6891,27.4322],[84.6983,27.4322],[84.7059,27.4329],[84.7114,27.4322],[84.7193,27.4315],[84.7209,27.4363],[84.725,27.4428],[84.7297,27.444],[84.7344,27.4422],[84.7393,27.4405],[84.7456,27.4404],[84.7495,27.4375],[84.7559,27.4359],[84.7616,27.437],[84.7681,27.4371],[84.7732,27.4384],[84.7779,27.4371],[84.7816,27.4354],[84.7892,27.4375],[84.796,27.4359],[84.7991,27.4315],[84.8055,27.4267],[84.8086,27.4237],[84.8118,27.4167],[84.8173,27.419],[84.8245,27.4195],[84.8317,27.4167],[84.8369,27.4151],[84.8408,27.4133],[84.8446,27.4109],[84.8489,27.4063],[84.851,27.4005],[84.8554,27.3989],[84.8626,27.3979],[84.8696,27.3982],[84.8744,27.3982],[84.8783,27.3941],[84.8834,27.3879],[84.8905,27.3887],[84.8958,27.3858],[84.8983,27.3785],[84.9031,27.3753],[84.9096,27.3763],[84.9161,27.3727],[84.9214,27.3708],[84.9261,27.3643],[84.9308,27.3657],[84.935,27.366],[84.9413,27.365],[84.9452,27.3627],[84.9465,27.3611],[84.9502,27.3645],[84.9557,27.3651],[84.9556,27.3611],[84.9593,27.3606],[84.9648,27.3609],[84.9697,27.3564],[84.9774,27.3561],[84.98,27.3614],[84.9897,27.3627],[84.9951,27.3655],[85.0004,27.3614],[85.0032,27.3538],[85.0128,27.3553],[85.0193,27.3534],[85.0239,27.3583],[85.0356,27.3574],[85.0443,27.3607],[85.0513,27.3634],[85.0579,27.3642],[85.0624,27.3612],[85.0674,27.3605],[85.0705,27.3644],[85.0808,27.3628],[85.0879,27.3584],[85.0923,27.3524],[85.0919,27.342],[85.0954,27.3321],[85.1028,27.3237],[85.1129,27.3187],[85.1191,27.3093],[85.1228,27.3021],[85.1264,27.2932],[85.1381,27.288],[85.1448,27.2762],[85.1521,27.2656],[85.1652,27.2604],[85.175,27.2537],[85.1773,27.2496],[85.1917,27.2453],[85.1995,27.249],[85.2065,27.2485],[85.2109,27.2456],[85.2186,27.2445],[85.227,27.2446],[85.2367,27.2477],[85.2498,27.2462],[85.256,27.2358],[85.2605,27.2273],[85.2697,27.2285],[85.2805,27.2312],[85.3007,27.2305],[85.3158,27.2279],[85.3307,27.223],[85.3471,27.222],[85.3568,27.2132],[85.3667,27.2123],[85.3767,27.212],[85.3881,27.2089],[85.3951,27.2086],[85.3988,27.1968],[85.4111,27.1956],[85.4249,27.1931],[85.4369,27.1873],[85.4486,27.1861],[85.4528,27.1764],[85.4558,27.1677],[85.4694,27.1626],[85.4813,27.1633],[85.4941,27.1699],[85.5031,27.1737],[85.5037,27.1655],[85.4907,27.1573],[85.4957,27.1465],[85.5091,27.1434],[85.5228,27.1411],[85.5347,27.1481],[85.5447,27.1447],[85.5492,27.1426],[85.5558,27.1455],[85.5668,27.1435],[85.571,27.1371],[85.5839,27.1426],[85.5924,27.1411],[85.6035,27.1408],[85.6128,27.1417],[85.6228,27.1407],[85.6364,27.1419],[85.6479,27.1457],[85.6554,27.1524],[85.6613,27.1559],[85.6675,27.1629],[85.6848,27.1733],[85.6942,27.1831],[85.7081,27.186],[85.7226,27.1949],[85.7399,27.1895],[85.7503,27.186],[85.7598,27.1838],[85.7698,27.1819],[85.7744,27.1783],[85.7817,27.1751],[85.7912,27.1704],[85.799,27.1673],[85.809,27.1617],[85.8174,27.1628],[85.8253,27.1684],[85.8327,27.166],[85.8411,27.1615],[85.8405,27.155],[85.8346,27.1497],[85.8373,27.1461],[85.8465,27.1407],[85.8538,27.1377],[85.8553,27.1337],[85.8631,27.127],[85.8687,27.1339],[85.8755,27.1404],[85.8828,27.1463],[85.8898,27.1426],[85.8966,27.1383],[85.9056,27.1339],[85.9141,27.1297],[85.9217,27.1272],[85.9318,27.1243],[85.9371,27.1156],[85.9393,27.1018],[85.9441,27.0925],[85.948,27.0883],[85.9502,27.0839],[85.9572,27.0832],[85.9618,27.0773],[85.966,27.0723],[85.9661,27.0672],[85.9695,27.0597],[85.9718,27.0497],[85.9793,27.0401],[85.9832,27.0345],[85.9885,27.0273],[85.9964,27.0235],[86.0048,27.0219],[86.0112,27.0199],[86.015,27.0201],[86.0239,27.0203],[86.0317,27.0207],[86.0432,27.0198],[86.0488,27.0192],[86.0632,27.0186],[86.0749,27.0189],[86.0814,27.0185],[86.091,27.0186],[86.1011,27.0165],[86.1118,27.0123],[86.1198,27.0092],[86.1278,27.0058],[86.1404,26.9993],[86.158,26.9931],[86.1722,26.9881],[86.1846,26.9825],[86.1913,26.9787],[86.1981,26.9711],[86.2084,26.9665],[86.2176,26.9587],[86.2211,26.9551],[86.2256,26.9502],[86.2354,26.9468],[86.2436,26.9394],[86.2526,26.9338],[86.2578,26.9279],[86.2578,26.9206],[86.2565,26.9118],[86.2476,26.9149],[86.2394,26.9047],[86.2254,26.9041],[86.2235,26.8944],[86.2166,26.8923],[86.204,26.8999],[86.1906,26.9045],[86.1765,26.9155],[86.1594,26.9257],[86.1578,26.9219],[86.1618,26.9143],[86.1694,26.9103],[86.1785,26.9],[86.1867,26.8968],[86.1941,26.8941],[86.201,26.8897],[86.2133,26.8844],[86.226,26.8813],[86.2334,26.8751],[86.2423,26.8655],[86.2502,26.8678],[86.2567,26.8724],[86.2657,26.8773],[86.2724,26.883],[86.2828,26.8849],[86.2905,26.8864],[86.2991,26.8852],[86.3084,26.8821],[86.3149,26.8791],[86.3231,26.8789],[86.3331,26.8795],[86.3463,26.8775],[86.358,26.875],[86.3664,26.8728],[86.3694,26.88],[86.3741,26.8843],[86.3773,26.8932],[86.3807,26.9],[86.3833,26.9072],[86.3879,26.908],[86.3952,26.9087],[86.402,26.9084],[86.4069,26.9073],[86.4158,26.9059],[86.4214,26.9038],[86.4289,26.9019],[86.4333,26.8983],[86.4401,26.8951],[86.4453,26.8915],[86.4511,26.8897],[86.4588,26.8876],[86.4662,26.8871],[86.477,26.8874],[86.4774,26.8833],[86.481,26.8754],[86.4799,26.8712],[86.4835,26.8701],[86.4878,26.8684],[86.4908,26.8649],[86.4933,26.8613],[86.4956,26.8574],[86.5046,26.8563],[86.5068,26.8468],[86.5121,26.8416],[86.5178,26.8433],[86.5201,26.8331],[86.531,26.8316],[86.5378,26.8334],[86.549,26.8363],[86.5528,26.8315],[86.5518,26.8248],[86.5535,26.815],[86.547,26.8076],[86.5418,26.7996],[86.5367,26.8008],[86.5336,26.7941],[86.5354,26.7872],[86.5393,26.7837],[86.5464,26.7823],[86.5503,26.7847],[86.5576,26.7902],[86.5644,26.7909],[86.565,26.7843],[86.5687,26.7818],[86.577,26.7816],[86.5753,26.773],[86.5681,26.7669],[86.5613,26.758],[86.5547,26.7489],[86.5579,26.7446],[86.5688,26.7416],[86.5722,26.7348],[86.5718,26.7237],[86.58,26.7164],[86.5833,26.7122],[86.582,26.7063],[86.5862,26.6999],[86.5887,26.6975],[86.5955,26.6971],[86.6019,26.6999],[86.6048,26.6943],[86.6099,26.6898],[86.6144,26.6944],[86.6223,26.6926],[86.6277,26.6916],[86.6333,26.6967],[86.6382,26.6978],[86.6453,26.6951],[86.6507,26.6906],[86.6567,26.6917],[86.6617,26.6996],[86.6667,26.7038],[86.6706,26.6975],[86.6714,26.6934],[86.6782,26.6904],[86.6858,26.6884],[86.695,26.6938],[86.7028,26.6994],[86.706,26.7058],[86.7101,26.707],[86.717,26.7069],[86.7218,26.7091],[86.7282,26.7099],[86.7334,26.7121],[86.7384,26.7119],[86.7402,26.7054],[86.7425,26.7016],[86.7457,26.6985],[86.7498,26.6972],[86.7533,26.6915],[86.7538,26.6873],[86.762,26.6952],[86.7686,26.6992],[86.7774,26.7029],[86.7838,26.7046],[86.7925,26.7082],[86.7985,26.7114],[86.8041,26.7125],[86.809,26.7087],[86.8152,26.7094],[86.823,26.714],[86.8319,26.7121],[86.8387,26.7069],[86.8418,26.6958],[86.8437,26.6932],[86.8485,26.6918],[86.8539,26.6963],[86.8627,26.7018],[86.8672,26.7107],[86.8764,26.7123],[86.885,26.7121],[86.8915,26.7216],[86.8968,26.7257],[86.9014,26.7297],[86.9047,26.7344],[86.907,26.7362],[86.9114,26.7411],[86.9089,26.7506],[86.9086,26.7588],[86.9157,26.7619],[86.9231,26.7658],[86.9278,26.7584],[86.9248,26.75],[86.9385,26.7365],[86.9561,26.7342],[86.9715,26.7262],[86.982,26.716],[86.9864,26.7018],[86.9936,26.7037],[87.0006,26.7087],[87.0044,26.7087],[87.0102,26.7086],[87.0134,26.6996],[87.0135,26.6886],[87.0121,26.6775],[87.0125,26.6699],[87.0048,26.6629],[87.0017,26.6555],[86.9911,26.6496],[86.9887,26.6364],[86.9791,26.6256],[86.9884,26.6095],[86.9825,26.5904],[86.9923,26.5721],[86.9795,26.5617],[86.9691,26.552],[86.956,26.5421],[86.9427,26.5362],[86.9242,26.5238],[86.9161,26.5091],[86.9153,26.5007],[86.9109,26.4983],[86.9068,26.4942],[86.9042,26.4891],[86.8932,26.4877],[86.8915,26.4852],[86.8913,26.4806],[86.892,26.4763],[86.8931,26.4741],[86.893,26.4705],[86.8943,26.4678],[86.8942,26.4628],[86.8904,26.4619],[86.8838,26.461],[86.881,26.4581],[86.8769,26.457],[86.8737,26.4546],[86.8669,26.4558],[86.8615,26.4578],[86.8582,26.4519],[86.8475,26.4486],[86.8446,26.4427],[86.8392,26.4414],[86.8362,26.4402],[86.8008,26.4475],[86.7697,26.4591],[86.7643,26.4542],[86.763,26.4511],[86.7602,26.4482],[86.7529,26.4458],[86.7495,26.441],[86.744,26.435],[86.7466,26.4321],[86.7433,26.4273],[86.7374,26.424],[86.7313,26.4226],[86.7304,26.4261],[86.7258,26.4258],[86.7208,26.4338],[86.7119,26.4358],[86.7021,26.4373],[86.6991,26.4407],[86.6955,26.4453],[86.6939,26.4501],[86.6857,26.4521],[86.6664,26.4566],[86.6514,26.4605],[86.6384,26.464],[86.6342,26.465],[86.6298,26.4687],[86.6277,26.4675],[86.6282,26.4691],[86.6273,26.4738],[86.6287,26.4781],[86.6268,26.4775],[86.6239,26.4806],[86.6217,26.4828],[86.6158,26.4847],[86.6113,26.486],[86.5969,26.4906],[86.5835,26.4938],[86.5699,26.4968],[86.5678,26.4997],[86.564,26.5034],[86.5617,26.5084],[86.5579,26.513],[86.5554,26.5178],[86.5546,26.5242],[86.551,26.5258],[86.5485,26.5311],[86.5427,26.5376],[86.5335,26.5406],[86.5243,26.5434],[86.5151,26.5394],[86.4992,26.5419],[86.4892,26.5481],[86.4691,26.5597],[86.4476,26.5697],[86.4326,26.5726],[86.4145,26.5784],[86.4002,26.5833],[86.3968,26.5894],[86.3918,26.5947],[86.3726,26.5998],[86.362,26.6028],[86.3514,26.6049],[86.3408,26.6065],[86.3403,26.6106],[86.3429,26.6139],[86.3443,26.6171],[86.3313,26.6193],[86.3227,26.6198],[86.2958,26.6146],[86.2731,26.6171],[86.2534,26.6163],[86.2504,26.6144],[86.2491,26.61],[86.2465,26.6081],[86.2441,26.6087],[86.2427,26.6054],[86.24,26.6032],[86.2374,26.6],[86.235,26.5966],[86.2338,26.5912],[86.2288,26.5922],[86.2234,26.5913],[86.2169,26.5887],[86.2121,26.5928],[86.2065,26.5952],[86.2027,26.595],[86.1993,26.595],[86.1955,26.5956],[86.1959,26.5994],[86.1953,26.607],[86.1903,26.6123],[86.1932,26.6141],[86.1852,26.6137],[86.1786,26.6147],[86.1722,26.6167],[86.1643,26.6143],[86.1569,26.6119],[86.1487,26.609],[86.1437,26.6061],[86.137,26.6095],[86.1402,26.6208],[86.1318,26.6293],[86.1133,26.6325],[86.0985,26.6382],[86.081,26.6464],[86.0716,26.6543],[86.0574,26.6596],[86.0393,26.6637],[86.027,26.6667],[86.0204,26.6623],[86.0121,26.6597],[86.0109,26.6545],[86.0029,26.656],[85.9955,26.6556],[85.9887,26.6568],[85.9831,26.6571],[85.9788,26.6582],[85.9746,26.6576],[85.9725,26.6549],[85.9685,26.6534],[85.9661,26.6521],[85.9627,26.6508],[85.9599,26.6505],[85.9564,26.6491],[85.9549,26.6462],[85.9534,26.644],[85.9538,26.6407],[85.9526,26.6379],[85.9532,26.6347],[85.9552,26.6318],[85.9544,26.629],[85.952,26.6254],[85.9461,26.6209],[85.9476,26.6136],[85.9386,26.6156],[85.9285,26.6166],[85.9251,26.6099],[85.9131,26.6073],[85.905,26.6019],[85.9009,26.5954],[85.8912,26.5939],[85.8882,26.585],[85.8827,26.5836],[85.8786,26.5818],[85.8723,26.5786],[85.8692,26.5784],[85.8672,26.5744],[85.8621,26.5714],[85.8581,26.5689],[85.8571,26.5721],[85.8536,26.5708],[85.85,26.5688],[85.8488,26.5726],[85.8488,26.5776],[85.8531,26.5836],[85.8571,26.5889],[85.8568,26.5928],[85.8552,26.5973],[85.8533,26.6024],[85.8513,26.6079],[85.8475,26.6089],[85.8432,26.6099],[85.8371,26.6105],[85.8312,26.611],[85.831,26.6043],[85.8243,26.602],[85.8161,26.6042],[85.8106,26.6088],[85.804,26.6145],[85.8022,26.621],[85.7964,26.6253],[85.7905,26.6261],[85.7815,26.6283],[85.7705,26.63],[85.761,26.6353],[85.7507,26.6384],[85.747,26.6399],[85.7444,26.6424],[85.7353,26.6511],[85.7339,26.6527],[85.7323,26.655],[85.7342,26.6568],[85.7352,26.6599],[85.7364,26.6641],[85.7317,26.6657],[85.7299,26.6667],[85.7292,26.6672],[85.7258,26.6703],[85.7264,26.674],[85.7236,26.6742],[85.7246,26.6791],[85.7236,26.6829],[85.7239,26.6861],[85.7247,26.6917],[85.7253,26.6959],[85.7242,26.7001],[85.7256,26.7047],[85.7252,26.7087],[85.7263,26.712],[85.7279,26.718],[85.7267,26.7228],[85.7295,26.7254],[85.7286,26.7298],[85.7314,26.7308],[85.7306,26.7327],[85.7312,26.7361],[85.7341,26.7374],[85.7316,26.7434],[85.7299,26.7473],[85.7312,26.7602],[85.7342,26.774],[85.7346,26.7909],[85.7287,26.8082],[85.7175,26.8227],[85.6906,26.8383],[85.6633,26.8479],[85.6487,26.8515],[85.6384,26.8627],[85.6239,26.8737],[85.5991,26.8538],[85.5862,26.8523],[85.5814,26.8581],[85.5753,26.8611],[85.5578,26.844],[85.5394,26.8345],[85.5131,26.8158],[85.4995,26.8129],[85.4976,26.81],[85.4971,26.8054],[85.4956,26.8012],[85.4959,26.7973],[85.487,26.8001],[85.4789,26.8017],[85.4788,26.7952],[85.474,26.7904],[85.4678,26.7889],[85.4651,26.7887],[85.4625,26.7872],[85.4583,26.7845],[85.4572,26.7834],[85.4533,26.7818],[85.4522,26.7814],[85.4436,26.7853],[85.4352,26.7891],[85.4301,26.787],[85.4238,26.7863],[85.4164,26.7905],[85.4085,26.7912],[85.4054,26.7869],[85.4014,26.7815],[85.3952,26.777],[85.3866,26.7746],[85.3814,26.7694],[85.3775,26.7633],[85.3739,26.7607],[85.3625,26.7619],[85.3527,26.758],[85.3332,26.742],[85.323,26.7448],[85.3201,26.7482],[85.3134,26.7503],[85.3044,26.7522],[85.2922,26.753],[85.2767,26.7538],[85.2642,26.7549],[85.2528,26.7588],[85.2397,26.762],[85.2248,26.7608],[85.2064,26.7612],[85.1971,26.77],[85.1948,26.7857],[85.1883,26.7912],[85.1842,26.7949],[85.1825,26.8],[85.1846,26.822],[85.1922,26.8373],[85.191,26.8523],[85.1829,26.8699],[85.1596,26.8694],[85.1363,26.8695],[85.123,26.8715],[85.1074,26.8714],[85.0909,26.8683],[85.0876,26.8671],[85.0881,26.8597],[85.0876,26.8538],[85.0827,26.8559],[85.0778,26.8588],[85.0766,26.8564],[85.0701,26.8545],[85.0626,26.851],[85.0625,26.8565],[85.0612,26.8541],[85.0572,26.8518],[85.0395,26.852],[85.0264,26.8588],[85.0267,26.867],[85.0289,26.8749],[85.0361,26.8752],[85.0381,26.8778],[85.0421,26.8752],[85.0446,26.8798],[85.05,26.8799],[85.0491,26.8833],[85.0512,26.8837],[85.0549,26.8815],[85.0594,26.8874],[85.0535,26.8867],[85.0466,26.8902],[85.0298,26.8919],[85.0162,26.8937],[84.9978,26.8999],[84.9931,26.9057],[84.9972,26.9056],[85.0008,26.9092],[84.9933,26.9132],[84.9822,26.9146],[84.9699,26.9159],[84.9709,26.9181],[84.9707,26.9234],[84.9718,26.9261],[84.9721,26.9297],[84.9769,26.9331],[84.9769,26.9376],[84.9781,26.9403],[84.9722,26.9486],[84.9684,26.9542],[84.9651,26.958],[84.9592,26.9609],[84.9533,26.9598],[84.9449,26.9634],[84.9339,26.9677],[84.9271,26.9679],[84.9209,26.9683],[84.9126,26.9684],[84.9026,26.97],[84.8979,26.9714],[84.8924,26.9704],[84.8904,26.9727],[84.8888,26.9773],[84.8774,26.9801],[84.869,26.9828],[84.867,26.9835],[84.8634,26.9857],[84.8598,26.9877],[84.8583,26.9888],[84.8558,26.9869],[84.8569,26.9898],[84.8549,26.9926],[84.8577,26.9927],[84.8568,26.9965],[84.8553,26.9982],[84.8511,26.998],[84.8519,27],[84.8516,27.0024],[84.8547,27.0083],[84.8413,27.0131],[84.8297,27.0196],[84.821,27.0208],[84.814,27.0188],[84.8121,27.0181],[84.8086,27.018],[84.8101,27.0151],[84.8073,27.0115],[84.8065,27.007],[84.8011,27.0037],[84.7991,27.0036],[84.7966,27.0016],[84.7947,26.9986],[84.7927,26.9963],[84.792,26.9981],[84.7906,26.9994],[84.7884,26.9978],[84.7864,26.999],[84.787,27.0055],[84.7866,27.0092],[84.7841,27.0082],[84.7806,27.015],[84.773,27.0179],[84.7654,27.0135],[84.7623,27.009],[84.7539,27.0042],[84.7314,27.0143],[84.7276,27.0136],[84.7224,27.014],[84.7192,27.0165],[84.7171,27.0177],[84.7156,27.02],[84.7121,27.0218],[84.7037,27.0255],[84.6982,27.0278],[84.6663,27.0375],[84.6428,27.0465],[84.6443,27.0493],[84.6449,27.0516],[84.6453,27.0544],[84.6452,27.0576],[84.6434,27.0605],[84.6453,27.064],[84.6443,27.0663],[84.6468,27.0709],[84.6469,27.0749],[84.6477,27.0766],[84.649,27.075],[84.651,27.0774],[84.6534,27.0787],[84.6546,27.0798],[84.6581,27.0801],[84.6568,27.0814],[84.6547,27.0838],[84.6581,27.0831],[84.6617,27.0853],[84.6648,27.0867],[84.6647,27.0887],[84.6674,27.0903],[84.6691,27.0921],[84.6644,27.0927],[84.6676,27.0936],[84.6696,27.0971],[84.6742,27.0958],[84.6748,27.1004],[84.6738,27.1053],[84.673,27.1086],[84.67,27.1097],[84.6727,27.1141],[84.677,27.1164],[84.6755,27.1206],[84.6773,27.1244],[84.6789,27.1275],[84.6792,27.1328],[84.6789,27.1354],[84.6821,27.1409],[84.6831,27.1497],[84.6825,27.1527],[84.685,27.1573],[84.6827,27.1599],[84.6769,27.1626],[84.6799,27.1673],[84.6758,27.1698],[84.6825,27.1776],[84.6825,27.1806],[84.6836,27.1821],[84.6824,27.1839],[84.6802,27.1852],[84.6826,27.191],[84.6805,27.2007],[84.6852,27.206],[84.6858,27.2085],[84.6856,27.2115],[84.6871,27.2136],[84.6894,27.2193],[84.6857,27.2262],[84.6839,27.2317],[84.6817,27.2369],[84.6765,27.2466],[84.653,27.2891],[84.6224,27.3364],[84.6118,27.337],[84.6052,27.3367],[84.5994,27.3387],[84.5897,27.3412],[84.5813,27.3428],[84.5728,27.3451],[84.5628,27.3475],[84.5535,27.3492],[84.5446,27.3493],[84.5346,27.3504],[84.5266,27.3518],[84.5187,27.353],[84.5114,27.3541],[84.5043,27.3548],[84.4979,27.3564],[84.4882,27.3582],[84.4839,27.3664],[84.4878,27.3714],[84.494,27.3752],[84.5014,27.3765],[84.511,27.3822],[84.5287,27.3818],[84.5398,27.3863],[84.5345,27.3983],[84.5469,27.4047],[84.5344,27.4124],[84.5395,27.4189],[84.548,27.4195],[84.5526,27.4391],[84.5566,27.45],[84.5608,27.4626],[84.5653,27.4632]]]]}},{"type":"Feature","properties":{"id":"3","name":"Bagmati"},"geometry":{"type":"MultiPolygon","coordinates":[[[[85.712,28.3859],[85.7191,28.3659],[85.7268,28.3478],[85.7281,28.328],[85.7364,28.3051],[85.7379,28.2852],[85.7438,28.2557],[85.757,28.229],[85.7748,28.211],[85.789,28.2041],[85.8127,28.2033],[85.8339,28.1849],[85.8554,28.1627],[85.8721,28.1422],[85.8701,28.1238],[85.8981,28.1091],[85.897,28.075],[85.9093,28.0506],[85.9353,28.0247],[85.961,28.0073],[85.9771,27.9939],[85.9598,27.9676],[85.9488,27.941],[85.9745,27.9262],[85.9998,27.9117],[86.0178,27.9116],[86.0465,27.9067],[86.0625,27.901],[86.0693,27.9062],[86.0756,27.9112],[86.0933,27.9204],[86.1157,27.9266],[86.1215,27.9422],[86.1075,27.9567],[86.1058,27.9734],[86.0964,27.996],[86.089,28.0061],[86.0801,28.019],[86.0881,28.0288],[86.0874,28.0404],[86.0888,28.0538],[86.0931,28.0659],[86.0864,28.0769],[86.0831,28.0914],[86.0998,28.096],[86.1108,28.0917],[86.1252,28.0963],[86.1314,28.1049],[86.1323,28.1162],[86.1419,28.1204],[86.1527,28.1308],[86.1661,28.1381],[86.1789,28.1452],[86.1764,28.1612],[86.1809,28.1716],[86.1888,28.1703],[86.1921,28.1604],[86.1956,28.1516],[86.199,28.1366],[86.2102,28.1269],[86.2192,28.113],[86.2223,28.0984],[86.2089,28.095],[86.2043,28.0836],[86.2098,28.0715],[86.213,28.0563],[86.2173,28.0446],[86.2231,28.0347],[86.2219,28.024],[86.22,28.0116],[86.2228,28.0003],[86.2268,27.9809],[86.2437,27.9743],[86.2575,27.9785],[86.2681,27.9803],[86.2791,27.9779],[86.2897,27.978],[86.2968,27.9717],[86.3,27.9609],[86.3052,27.9558],[86.3119,27.9506],[86.3209,27.9501],[86.3292,27.9587],[86.3352,27.9623],[86.3387,27.952],[86.3432,27.9431],[86.3511,27.939],[86.3624,27.9413],[86.3724,27.9405],[86.3823,27.9368],[86.3889,27.9291],[86.3971,27.9242],[86.4054,27.9167],[86.4101,27.9073],[86.4203,27.9088],[86.4323,27.909],[86.4434,27.9083],[86.4502,27.9143],[86.4572,27.9198],[86.4654,27.9272],[86.4699,27.9349],[86.468,27.9439],[86.4796,27.9483],[86.4897,27.952],[86.4967,27.9566],[86.5149,27.9567],[86.5222,27.94],[86.5376,27.9374],[86.5493,27.9244],[86.5545,27.9052],[86.5535,27.8894],[86.5512,27.8753],[86.5541,27.8571],[86.5472,27.8362],[86.5435,27.8215],[86.5426,27.8112],[86.5573,27.8074],[86.566,27.8016],[86.5682,27.7899],[86.5659,27.7769],[86.5657,27.764],[86.5709,27.7531],[86.5633,27.7455],[86.5544,27.724],[86.5488,27.7097],[86.539,27.689],[86.5344,27.6662],[86.5266,27.6524],[86.5114,27.6424],[86.5007,27.6253],[86.4859,27.6167],[86.4672,27.6162],[86.4496,27.6132],[86.4328,27.6078],[86.4214,27.5996],[86.4135,27.5868],[86.4024,27.5841],[86.391,27.576],[86.378,27.5691],[86.3699,27.5593],[86.367,27.548],[86.3577,27.5337],[86.3551,27.5252],[86.3398,27.5206],[86.332,27.5104],[86.3254,27.5015],[86.3166,27.494],[86.3101,27.4879],[86.2983,27.4799],[86.2919,27.473],[86.2826,27.4662],[86.2742,27.462],[86.2629,27.4551],[86.2552,27.4413],[86.2521,27.4333],[86.2479,27.4238],[86.2433,27.4198],[86.2385,27.4142],[86.2344,27.4082],[86.2329,27.4027],[86.2278,27.3964],[86.2269,27.3887],[86.2252,27.3838],[86.2237,27.3788],[86.224,27.3692],[86.2194,27.3611],[86.2186,27.3547],[86.2178,27.3477],[86.2171,27.3396],[86.2166,27.332],[86.2223,27.3274],[86.2216,27.3211],[86.229,27.3196],[86.2314,27.3142],[86.2342,27.3072],[86.2376,27.302],[86.2372,27.2929],[86.2396,27.2881],[86.2316,27.2819],[86.2266,27.2776],[86.2217,27.2736],[86.2157,27.2679],[86.2132,27.2661],[86.2092,27.2599],[86.2049,27.2535],[86.2073,27.2477],[86.2163,27.2434],[86.224,27.239],[86.232,27.2385],[86.2404,27.2432],[86.2495,27.2489],[86.2563,27.2568],[86.2667,27.2607],[86.2771,27.2502],[86.2876,27.2458],[86.2961,27.2382],[86.3074,27.2364],[86.3148,27.232],[86.3229,27.2312],[86.3349,27.2306],[86.3415,27.2249],[86.3415,27.2165],[86.3418,27.2069],[86.3497,27.2009],[86.3617,27.1987],[86.3695,27.1925],[86.3783,27.1936],[86.3816,27.1884],[86.3865,27.1806],[86.3849,27.1765],[86.383,27.173],[86.3795,27.1677],[86.3779,27.1628],[86.3734,27.1578],[86.3706,27.1507],[86.3729,27.1471],[86.3681,27.1408],[86.3622,27.1411],[86.3566,27.1426],[86.3509,27.1429],[86.3447,27.1442],[86.3414,27.1455],[86.3389,27.1393],[86.3382,27.1358],[86.3351,27.1341],[86.3349,27.1296],[86.3358,27.128],[86.3343,27.1255],[86.3316,27.12],[86.3277,27.1137],[86.3242,27.1099],[86.3183,27.1103],[86.313,27.1108],[86.3066,27.1082],[86.3106,27.1042],[86.3159,27.1022],[86.3221,27.1],[86.3289,27.1004],[86.3348,27.1019],[86.3403,27.1062],[86.3469,27.1061],[86.3525,27.1045],[86.3561,27.1001],[86.3621,27.0999],[86.3591,27.0953],[86.3578,27.0898],[86.3567,27.0815],[86.3546,27.078],[86.355,27.0751],[86.3515,27.0734],[86.3511,27.0701],[86.3458,27.0684],[86.3482,27.0648],[86.3508,27.0648],[86.3551,27.0596],[86.3624,27.0545],[86.3644,27.0475],[86.3647,27.0412],[86.3714,27.0369],[86.3777,27.0352],[86.3817,27.0302],[86.3797,27.0292],[86.3757,27.0251],[86.3738,27.0194],[86.374,27.0134],[86.3741,27.0078],[86.3683,27.0012],[86.3671,26.9926],[86.3657,26.9816],[86.3577,26.9711],[86.3503,26.9639],[86.3398,26.9641],[86.3312,26.9641],[86.3214,26.9639],[86.3124,26.9628],[86.2995,26.9545],[86.2917,26.9505],[86.2839,26.9493],[86.2803,26.9416],[86.2737,26.9322],[86.2617,26.9257],[86.2575,26.921],[86.2578,26.9279],[86.2522,26.9342],[86.2436,26.9394],[86.2353,26.9469],[86.2252,26.9505],[86.2207,26.9552],[86.2172,26.9591],[86.2082,26.9666],[86.1971,26.9718],[86.1895,26.9778],[86.1838,26.9831],[86.1709,26.9888],[86.1568,26.9935],[86.1392,27.0003],[86.1272,27.0061],[86.1197,27.0093],[86.1102,27.0131],[86.1009,27.0166],[86.0904,27.0189],[86.0808,27.0185],[86.0745,27.0188],[86.0627,27.0186],[86.0486,27.0194],[86.0421,27.0196],[86.0314,27.0207],[86.0235,27.0203],[86.0147,27.0201],[86.011,27.0204],[86.0034,27.0212],[85.996,27.0237],[85.9881,27.0278],[85.9831,27.0346],[85.9791,27.0402],[85.9717,27.0499],[85.9696,27.0601],[85.966,27.0674],[85.9661,27.0725],[85.962,27.078],[85.957,27.0834],[85.95,27.084],[85.9479,27.0885],[85.944,27.0928],[85.9383,27.1042],[85.9374,27.1164],[85.9308,27.1247],[85.9214,27.1273],[85.9139,27.1298],[85.9051,27.1342],[85.8959,27.1388],[85.8891,27.143],[85.8827,27.1463],[85.8748,27.1397],[85.8683,27.1336],[85.8625,27.1272],[85.8551,27.1338],[85.8537,27.1379],[85.8461,27.1408],[85.8371,27.1462],[85.8348,27.1499],[85.8406,27.1557],[85.8407,27.1617],[85.832,27.1664],[85.8246,27.1683],[85.8171,27.1626],[85.8081,27.1621],[85.7985,27.1674],[85.7905,27.1708],[85.7815,27.1752],[85.7742,27.1783],[85.7696,27.1821],[85.7596,27.1842],[85.7495,27.1864],[85.7383,27.1903],[85.7223,27.1944],[85.7081,27.186],[85.6939,27.1825],[85.6833,27.1712],[85.6671,27.1629],[85.6608,27.156],[85.6552,27.1526],[85.6473,27.145],[85.6358,27.1418],[85.6225,27.1407],[85.612,27.1416],[85.6033,27.1413],[85.5921,27.1412],[85.5835,27.1427],[85.5701,27.138],[85.5665,27.1434],[85.5554,27.1456],[85.5493,27.1423],[85.5444,27.1447],[85.5339,27.1471],[85.522,27.1411],[85.5085,27.1436],[85.4947,27.1479],[85.4911,27.1581],[85.5033,27.1659],[85.5024,27.1744],[85.4934,27.1693],[85.4808,27.1632],[85.4687,27.1633],[85.4555,27.168],[85.4533,27.1771],[85.4483,27.1866],[85.4366,27.1873],[85.4243,27.193],[85.4108,27.1959],[85.3981,27.1972],[85.3944,27.2092],[85.3879,27.2087],[85.3766,27.2121],[85.3664,27.2123],[85.3566,27.2133],[85.3467,27.2219],[85.3304,27.2231],[85.3153,27.2282],[85.2981,27.2311],[85.2804,27.231],[85.2693,27.2281],[85.2603,27.2276],[85.2559,27.2359],[85.249,27.2464],[85.2364,27.2475],[85.2267,27.2446],[85.2176,27.2446],[85.2104,27.2454],[85.2065,27.2485],[85.1992,27.2485],[85.1908,27.2457],[85.1774,27.2497],[85.1744,27.2538],[85.1649,27.2605],[85.1518,27.2658],[85.1449,27.2772],[85.1375,27.2895],[85.1264,27.2935],[85.1216,27.3019],[85.119,27.311],[85.1121,27.3188],[85.1017,27.3245],[85.0952,27.3322],[85.092,27.3423],[85.0922,27.3526],[85.0882,27.3588],[85.0798,27.3629],[85.0702,27.364],[85.0673,27.3604],[85.0622,27.3611],[85.0574,27.3645],[85.0505,27.3634],[85.044,27.3603],[85.0351,27.3577],[85.0232,27.3581],[85.0187,27.3536],[85.0121,27.3551],[85.0033,27.3541],[85.0006,27.3616],[84.9948,27.3655],[84.9894,27.3623],[84.9796,27.361],[84.9773,27.3561],[84.9695,27.3563],[84.965,27.3614],[84.9592,27.3605],[84.9553,27.3613],[84.9555,27.3653],[84.9503,27.3642],[84.9464,27.3611],[84.945,27.3627],[84.9413,27.3655],[84.9347,27.3658],[84.9306,27.3656],[84.926,27.3646],[84.9212,27.3708],[84.9156,27.3729],[84.909,27.377],[84.9031,27.3752],[84.898,27.379],[84.8955,27.386],[84.8903,27.3891],[84.8827,27.3878],[84.8782,27.3946],[84.8739,27.3983],[84.869,27.3979],[84.8623,27.3979],[84.8552,27.3989],[84.8509,27.4014],[84.8487,27.4067],[84.8446,27.4111],[84.8408,27.4135],[84.8366,27.4156],[84.8312,27.4166],[84.8243,27.4194],[84.8172,27.4191],[84.8115,27.4165],[84.8087,27.4238],[84.8049,27.427],[84.7988,27.4317],[84.7957,27.4361],[84.7886,27.4374],[84.7813,27.4354],[84.7777,27.4371],[84.773,27.4384],[84.7681,27.4371],[84.7613,27.4369],[84.7558,27.4359],[84.7491,27.4376],[84.7446,27.4412],[84.7388,27.4408],[84.7343,27.4424],[84.7293,27.4439],[84.725,27.4425],[84.7208,27.436],[84.719,27.4313],[84.7113,27.4321],[84.7059,27.4329],[84.6977,27.4322],[84.6888,27.432],[84.6798,27.4298],[84.6689,27.4293],[84.6628,27.4297],[84.6604,27.4327],[84.6526,27.4305],[84.6459,27.4329],[84.6433,27.4388],[84.6414,27.4441],[84.6366,27.4443],[84.6313,27.4476],[84.6258,27.4501],[84.6218,27.452],[84.6108,27.452],[84.601,27.4512],[84.5902,27.4535],[84.5826,27.4549],[84.5734,27.4565],[84.5648,27.4632],[84.5582,27.454],[84.5555,27.4411],[84.5477,27.4256],[84.5421,27.4193],[84.5325,27.4144],[84.5455,27.4095],[84.5347,27.4018],[84.5377,27.3899],[84.5314,27.3827],[84.5153,27.3836],[84.5024,27.3797],[84.495,27.3765],[84.4906,27.3725],[84.486,27.3677],[84.4859,27.3586],[84.4784,27.3619],[84.4729,27.3583],[84.4674,27.3563],[84.4643,27.3598],[84.4587,27.361],[84.4498,27.3634],[84.444,27.3681],[84.4343,27.3699],[84.4281,27.3709],[84.4219,27.3713],[84.4145,27.3708],[84.408,27.3695],[84.3999,27.3699],[84.3927,27.3683],[84.3856,27.3729],[84.3738,27.3764],[84.3585,27.3736],[84.3457,27.3752],[84.3347,27.3772],[84.3307,27.3793],[84.321,27.3816],[84.3133,27.3854],[84.306,27.3876],[84.2994,27.3894],[84.2921,27.3849],[84.2879,27.3893],[84.2832,27.3954],[84.2764,27.3957],[84.2773,27.4029],[84.2781,27.4117],[84.2735,27.4232],[84.268,27.4317],[84.2629,27.4354],[84.2582,27.4412],[84.2553,27.4488],[84.2489,27.4535],[84.2433,27.4546],[84.2374,27.4532],[84.2314,27.4563],[84.227,27.4511],[84.2208,27.4475],[84.2196,27.4405],[84.2106,27.4418],[84.207,27.4474],[84.2074,27.4542],[84.2056,27.4581],[84.2077,27.464],[84.2058,27.4697],[84.1964,27.4722],[84.1924,27.471],[84.1891,27.472],[84.1823,27.4736],[84.1773,27.4739],[84.1721,27.4756],[84.1684,27.4795],[84.1641,27.4837],[84.1574,27.4837],[84.1515,27.4863],[84.1483,27.4895],[84.1462,27.4947],[84.1487,27.5003],[84.1486,27.5034],[84.1505,27.5102],[84.1499,27.5126],[84.1491,27.5171],[84.1438,27.5172],[84.1384,27.5177],[84.1337,27.515],[84.1293,27.5123],[84.1229,27.5117],[84.1173,27.5141],[84.1132,27.5196],[84.1033,27.5193],[84.0997,27.5104],[84.0972,27.5052],[84.0984,27.5012],[84.0964,27.4941],[84.0911,27.4887],[84.0875,27.4851],[84.0815,27.4835],[84.0753,27.4827],[84.0715,27.4814],[84.0686,27.4774],[84.0669,27.4705],[84.0622,27.4655],[84.0587,27.4617],[84.0619,27.4563],[84.0578,27.4515],[84.0531,27.4463],[84.0476,27.443],[84.0416,27.4428],[84.0353,27.441],[84.0316,27.4416],[84.0265,27.4391],[84.0272,27.4337],[84.0199,27.4354],[84.0133,27.4372],[84.009,27.4378],[84.0056,27.4396],[84.004,27.4414],[84.0015,27.4405],[83.9981,27.4407],[83.9958,27.4463],[83.9848,27.444],[83.9777,27.4408],[83.972,27.4428],[83.9648,27.4463],[83.9501,27.4423],[83.9442,27.4458],[83.9334,27.4487],[83.9383,27.4541],[83.9417,27.4593],[83.9442,27.4712],[83.957,27.5003],[83.9681,27.5083],[83.9643,27.5236],[83.952,27.5273],[83.9463,27.5185],[83.9309,27.5131],[83.9227,27.5174],[83.9216,27.5253],[83.9194,27.5393],[83.9289,27.5454],[83.9415,27.5415],[83.9555,27.5447],[83.9646,27.5497],[83.979,27.5472],[83.9881,27.5437],[83.9989,27.5456],[84.0151,27.5395],[84.0342,27.5381],[84.0432,27.5509],[84.0607,27.5531],[84.0747,27.5596],[84.1025,27.5535],[84.1184,27.5555],[84.1239,27.564],[84.1269,27.5729],[84.1332,27.582],[84.1392,27.5873],[84.1464,27.5938],[84.156,27.6012],[84.166,27.6086],[84.1746,27.6178],[84.1834,27.6234],[84.1913,27.6287],[84.2015,27.6347],[84.2117,27.6405],[84.2259,27.6447],[84.2375,27.6504],[84.2486,27.6537],[84.2579,27.6511],[84.2646,27.6583],[84.274,27.6634],[84.2844,27.666],[84.2933,27.6688],[84.3038,27.6747],[84.3114,27.679],[84.3207,27.6844],[84.324,27.6911],[84.3325,27.6974],[84.3453,27.7028],[84.3556,27.7006],[84.3633,27.6932],[84.3665,27.6875],[84.3728,27.683],[84.3805,27.6816],[84.3903,27.6872],[84.3993,27.6917],[84.4099,27.6972],[84.421,27.701],[84.4295,27.7047],[84.4304,27.714],[84.4271,27.7245],[84.4247,27.7334],[84.422,27.7413],[84.432,27.7413],[84.4408,27.7475],[84.446,27.7547],[84.4571,27.7595],[84.4657,27.7528],[84.4717,27.7559],[84.4674,27.7672],[84.4562,27.7761],[84.4452,27.7783],[84.4353,27.782],[84.4305,27.7894],[84.4307,27.8017],[84.4323,27.8127],[84.4424,27.8204],[84.4508,27.8218],[84.4564,27.82],[84.4662,27.8199],[84.4685,27.8244],[84.4788,27.8224],[84.4886,27.8209],[84.496,27.8209],[84.5064,27.818],[84.5182,27.8172],[84.5202,27.8283],[84.5268,27.8335],[84.5373,27.8332],[84.5413,27.8333],[84.5504,27.8331],[84.5569,27.8392],[84.5579,27.8483],[84.5584,27.8572],[84.5682,27.8592],[84.5763,27.8636],[84.5774,27.8717],[84.5849,27.8765],[84.5919,27.8792],[84.5998,27.8762],[84.605,27.8722],[84.6136,27.873],[84.6177,27.8794],[84.6249,27.8797],[84.6274,27.8725],[84.6339,27.8685],[84.636,27.8601],[84.6444,27.8605],[84.6485,27.857],[84.6511,27.8525],[84.6607,27.849],[84.6637,27.8391],[84.6613,27.8287],[84.6674,27.8205],[84.6732,27.8167],[84.6798,27.8136],[84.6861,27.8101],[84.6938,27.8093],[84.7036,27.8074],[84.7079,27.8032],[84.7156,27.8016],[84.7216,27.8013],[84.7274,27.7999],[84.7326,27.7961],[84.7384,27.8037],[84.747,27.8056],[84.7566,27.8109],[84.769,27.8156],[84.777,27.8103],[84.7747,27.8225],[84.7752,27.8367],[84.7679,27.8435],[84.7652,27.8547],[84.7567,27.8609],[84.7525,27.8752],[84.7483,27.8836],[84.7434,27.8885],[84.7378,27.8907],[84.7364,27.9004],[84.7341,27.91],[84.7341,27.9178],[84.7331,27.9252],[84.7352,27.9279],[84.7341,27.9313],[84.7394,27.9366],[84.7411,27.9474],[84.7464,27.955],[84.7472,27.9608],[84.7674,27.9674],[84.7738,27.9775],[84.7834,27.9829],[84.7902,27.998],[84.797,28.0022],[84.8116,28.0038],[84.8104,28.0188],[84.8132,28.03],[84.8115,28.0419],[84.8201,28.0557],[84.8233,28.0652],[84.8286,28.0772],[84.8318,28.0891],[84.8372,28.0968],[84.8425,28.1107],[84.854,28.1219],[84.8652,28.1209],[84.874,28.116],[84.885,28.1075],[84.8927,28.1004],[84.9069,28.1048],[84.9176,28.1032],[84.9211,28.1111],[84.9254,28.1215],[84.9404,28.1252],[84.9522,28.1244],[84.9569,28.132],[84.9542,28.1435],[84.9575,28.156],[84.9619,28.169],[84.9675,28.1849],[84.971,28.1982],[84.9626,28.2115],[84.9691,28.2223],[84.9852,28.2363],[84.996,28.2424],[85.0024,28.2486],[85.0184,28.2587],[85.034,28.283],[85.0401,28.3104],[85.0517,28.3263],[85.0842,28.3456],[85.1138,28.3416],[85.1355,28.3324],[85.1634,28.3317],[85.1835,28.3257],[85.2132,28.3336],[85.2389,28.3195],[85.2479,28.3023],[85.2545,28.295],[85.2655,28.2977],[85.2737,28.2932],[85.2877,28.2879],[85.2987,28.2908],[85.3098,28.2918],[85.3254,28.2992],[85.3404,28.304],[85.3479,28.2994],[85.3483,28.2885],[85.3617,28.2858],[85.3743,28.2837],[85.3821,28.282],[85.3947,28.2922],[85.4021,28.301],[85.411,28.3075],[85.4133,28.3215],[85.4201,28.3285],[85.4348,28.3337],[85.4507,28.3352],[85.4624,28.3362],[85.4735,28.3338],[85.4836,28.3332],[85.4936,28.3319],[85.5151,28.3315],[85.5478,28.3152],[85.5773,28.3098],[85.5995,28.3025],[85.6028,28.2679],[85.6256,28.2661],[85.6462,28.2909],[85.6539,28.316],[85.6663,28.3459],[85.685,28.3632],[85.7026,28.385],[85.712,28.3859]]]]}},{"type":"Feature","properties":{"id":"4","name":"Gandaki"},"geometry":{"type":"MultiPolygon","coordinates":[[[[83.9636,29.3311],[83.9748,29.3289],[83.9848,29.324],[83.993,29.3194],[83.9994,29.3145],[84.0011,29.3114],[84.0006,29.3085],[83.9973,29.3051],[83.9895,29.3031],[83.9938,29.2977],[83.9988,29.2949],[84.0032,29.2956],[84.0079,29.2953],[84.0114,29.294],[84.0131,29.2921],[84.0158,29.289],[84.0206,29.2896],[84.0246,29.2885],[84.0271,29.2866],[84.0288,29.2914],[84.0318,29.2944],[84.0358,29.2964],[84.0409,29.2999],[84.0454,29.3004],[84.0507,29.2984],[84.0529,29.2952],[84.0553,29.2923],[84.0595,29.2897],[84.0647,29.2889],[84.0687,29.2854],[84.0737,29.286],[84.0799,29.2882],[84.0835,29.2922],[84.0873,29.2947],[84.0934,29.2929],[84.0996,29.2906],[84.1023,29.287],[84.1073,29.2854],[84.1118,29.2825],[84.1166,29.2795],[84.1203,29.2796],[84.1176,29.2767],[84.1203,29.2743],[84.1219,29.2711],[84.1199,29.2677],[84.1178,29.2647],[84.1135,29.2632],[84.1129,29.2612],[84.1146,29.2578],[84.1118,29.2538],[84.1131,29.2501],[84.1197,29.2453],[84.1355,29.2394],[84.1496,29.2401],[84.1677,29.2411],[84.1794,29.2378],[84.1926,29.2442],[84.2029,29.2367],[84.1977,29.2213],[84.192,29.2095],[84.1792,29.2073],[84.1691,29.2002],[84.1661,29.1888],[84.167,29.1771],[84.1662,29.1647],[84.1723,29.1517],[84.1742,29.1374],[84.182,29.1279],[84.1996,29.1246],[84.2011,29.1094],[84.1971,29.0992],[84.1914,29.0857],[84.1864,29.0745],[84.1888,29.0624],[84.1901,29.0469],[84.2038,29.0506],[84.2185,29.0537],[84.2326,29.0468],[84.245,29.0413],[84.2462,29.0112],[84.2409,29.0001],[84.2405,28.9912],[84.2388,28.9832],[84.2407,28.9743],[84.2371,28.9685],[84.2325,28.9616],[84.2308,28.9528],[84.2272,28.9423],[84.225,28.9341],[84.2226,28.9236],[84.2207,28.913],[84.2254,28.9005],[84.2309,28.8924],[84.2433,28.891],[84.2548,28.8908],[84.2619,28.8972],[84.2695,28.8943],[84.2731,28.8887],[84.28,28.8848],[84.2868,28.8785],[84.298,28.8729],[84.3087,28.8694],[84.3177,28.8687],[84.3236,28.8627],[84.332,28.8643],[84.3377,28.8706],[84.3467,28.8691],[84.3534,28.8641],[84.3601,28.8595],[84.3687,28.8608],[84.3766,28.8643],[84.3858,28.8613],[84.3948,28.8595],[84.4058,28.854],[84.4091,28.8468],[84.4025,28.8404],[84.4005,28.832],[84.4077,28.8287],[84.4183,28.8317],[84.4238,28.827],[84.4325,28.8221],[84.4318,28.8163],[84.4307,28.8095],[84.4322,28.8012],[84.4405,28.7953],[84.4444,28.7908],[84.4459,28.7826],[84.4393,28.7755],[84.4384,28.7687],[84.4471,28.7661],[84.4534,28.7624],[84.4577,28.7558],[84.4636,28.7519],[84.4715,28.7495],[84.4757,28.747],[84.4819,28.7456],[84.4852,28.7408],[84.4889,28.7361],[84.5005,28.7433],[84.5183,28.7467],[84.5337,28.7454],[84.5508,28.7502],[84.5591,28.7453],[84.5747,28.7351],[84.5958,28.7362],[84.6138,28.7362],[84.6307,28.7323],[84.6459,28.7192],[84.6511,28.702],[84.6665,28.6943],[84.6726,28.6809],[84.6916,28.6769],[84.705,28.6707],[84.6984,28.6555],[84.6989,28.6423],[84.7051,28.6339],[84.7216,28.6275],[84.7329,28.6185],[84.7468,28.6184],[84.7529,28.6148],[84.7588,28.6136],[84.7633,28.6129],[84.7682,28.6105],[84.7727,28.6105],[84.7773,28.6101],[84.7817,28.6091],[84.7881,28.6058],[84.7947,28.6025],[84.7996,28.6],[84.8055,28.597],[84.8119,28.5937],[84.8174,28.5909],[84.8241,28.5875],[84.8312,28.5837],[84.8384,28.5794],[84.843,28.5779],[84.8477,28.5755],[84.8523,28.5732],[84.857,28.5707],[84.8596,28.5749],[84.8622,28.5777],[84.8649,28.58],[84.8682,28.5821],[84.872,28.5815],[84.8764,28.5809],[84.8811,28.5826],[84.8865,28.5834],[84.8897,28.5878],[84.8931,28.5896],[84.8988,28.5898],[84.901,28.5933],[84.9041,28.5904],[84.9076,28.5882],[84.9122,28.5895],[84.9162,28.5921],[84.9189,28.5951],[84.9239,28.5945],[84.9294,28.594],[84.9337,28.5941],[84.9384,28.5957],[84.9424,28.5954],[84.946,28.5937],[84.9475,28.5897],[84.9475,28.5867],[84.9485,28.5828],[84.9503,28.5806],[84.955,28.5828],[84.9608,28.5853],[84.9652,28.5868],[84.9699,28.5868],[84.9732,28.5889],[84.9784,28.5901],[84.9837,28.5916],[84.9877,28.5942],[84.9909,28.598],[84.9923,28.6014],[84.9879,28.6033],[84.9859,28.6067],[84.9879,28.6113],[84.9902,28.6144],[84.9938,28.6172],[84.9991,28.6223],[85.0029,28.6276],[85.0057,28.6312],[85.0088,28.6366],[85.0132,28.6384],[85.0174,28.6399],[85.0213,28.6463],[85.0248,28.65],[85.03,28.6547],[85.036,28.6573],[85.041,28.6606],[85.0413,28.6661],[85.0437,28.6692],[85.0504,28.6696],[85.0529,28.6732],[85.0545,28.678],[85.0575,28.6821],[85.063,28.6805],[85.0702,28.679],[85.0767,28.6742],[85.083,28.6711],[85.0891,28.6722],[85.0926,28.6772],[85.0981,28.6799],[85.1042,28.6824],[85.1104,28.6834],[85.1143,28.6866],[85.1209,28.6829],[85.1264,28.6798],[85.1327,28.6752],[85.1345,28.6686],[85.1401,28.6655],[85.1457,28.6608],[85.1466,28.6554],[85.1517,28.6506],[85.1563,28.6458],[85.1586,28.6434],[85.1654,28.6437],[85.1737,28.6443],[85.1792,28.6449],[85.1827,28.6431],[85.1881,28.6403],[85.1861,28.6351],[85.1873,28.6309],[85.1932,28.6299],[85.1978,28.6271],[85.197,28.6205],[85.1944,28.6148],[85.1902,28.6099],[85.1876,28.6045],[85.1819,28.6013],[85.1761,28.5981],[85.174,28.5955],[85.1767,28.5913],[85.1817,28.5867],[85.1813,28.5804],[85.1841,28.5756],[85.1896,28.5708],[85.1895,28.5662],[85.1852,28.5618],[85.1866,28.5569],[85.1882,28.5515],[85.1889,28.5463],[85.1868,28.5412],[85.187,28.5355],[85.1826,28.5331],[85.1765,28.5328],[85.1696,28.5335],[85.1661,28.5311],[85.1651,28.5257],[85.1643,28.5199],[85.1609,28.5136],[85.1569,28.5085],[85.1566,28.5018],[85.1427,28.4857],[85.1187,28.4856],[85.1085,28.4664],[85.1116,28.4442],[85.1176,28.4133],[85.1252,28.3901],[85.1159,28.3682],[85.0952,28.3447],[85.0693,28.3403],[85.0435,28.3207],[85.0371,28.2955],[85.0279,28.2643],[85.0011,28.2528],[84.9988,28.2431],[84.99,28.2432],[84.9779,28.2278],[84.9651,28.2178],[84.9677,28.2037],[84.9727,28.1887],[84.9657,28.175],[84.9606,28.162],[84.9579,28.1479],[84.9581,28.1356],[84.9566,28.1264],[84.9428,28.1226],[84.9301,28.1257],[84.9219,28.1166],[84.9214,28.1062],[84.9127,28.1032],[84.9001,28.1066],[84.8873,28.1043],[84.8805,28.1131],[84.8707,28.1189],[84.859,28.1201],[84.8428,28.1155],[84.8371,28.1031],[84.8338,28.0916],[84.8305,28.0834],[84.8253,28.0699],[84.8209,28.0604],[84.8169,28.0464],[84.8092,28.0353],[84.8131,28.0228],[84.8131,28.0099],[84.8039,28.0004],[84.7976,27.9986],[84.7878,27.9891],[84.7775,27.9783],[84.7752,27.9724],[84.7556,27.9629],[84.7461,27.9586],[84.7428,27.9499],[84.7398,27.9397],[84.7342,27.9338],[84.7366,27.9303],[84.7321,27.9261],[84.7338,27.9211],[84.7347,27.9134],[84.7343,27.9037],[84.7357,27.8934],[84.7412,27.89],[84.7478,27.887],[84.7464,27.8794],[84.7547,27.8683],[84.7647,27.8598],[84.7679,27.8496],[84.7707,27.8389],[84.7731,27.8295],[84.7824,27.8139],[84.7706,27.8102],[84.7599,27.8167],[84.7498,27.8053],[84.7411,27.8042],[84.737,27.7991],[84.7288,27.7973],[84.7251,27.8005],[84.7192,27.8035],[84.7108,27.8006],[84.7071,27.8068],[84.6988,27.8082],[84.6892,27.8101],[84.6833,27.8113],[84.6769,27.8159],[84.6687,27.8181],[84.6657,27.8253],[84.6621,27.8336],[84.662,27.8448],[84.6554,27.8523],[84.6468,27.8541],[84.6484,27.86],[84.6397,27.8597],[84.6336,27.8649],[84.6304,27.8702],[84.6275,27.8753],[84.6209,27.8805],[84.6141,27.8754],[84.6086,27.8716],[84.6034,27.8755],[84.5947,27.8771],[84.5878,27.8786],[84.5816,27.875],[84.5773,27.8666],[84.5728,27.8611],[84.562,27.8582],[84.5569,27.8525],[84.5573,27.8419],[84.5542,27.8352],[84.5457,27.8318],[84.5392,27.8337],[84.53,27.8336],[84.5208,27.8316],[84.5205,27.8219],[84.5142,27.8156],[84.4998,27.8202],[84.4918,27.8197],[84.4822,27.8214],[84.471,27.8241],[84.4655,27.8237],[84.4625,27.8194],[84.4536,27.8207],[84.4461,27.8231],[84.4373,27.8157],[84.4313,27.8063],[84.4306,27.7957],[84.4323,27.7857],[84.4405,27.7782],[84.4519,27.7777],[84.4632,27.7712],[84.4706,27.7609],[84.4707,27.7522],[84.4603,27.7575],[84.4502,27.7592],[84.4426,27.7502],[84.438,27.7436],[84.4269,27.7425],[84.423,27.7377],[84.4263,27.7276],[84.4288,27.7193],[84.4311,27.7076],[84.4244,27.7022],[84.4151,27.6992],[84.405,27.6949],[84.3948,27.6893],[84.386,27.685],[84.3765,27.6815],[84.3687,27.6855],[84.3647,27.6893],[84.3604,27.698],[84.3493,27.7031],[84.3369,27.6988],[84.3254,27.694],[84.3232,27.6871],[84.3146,27.6808],[84.3075,27.6769],[84.2992,27.6721],[84.2896,27.6676],[84.2771,27.664],[84.2674,27.6603],[84.2608,27.6549],[84.2536,27.6526],[84.2434,27.6523],[84.2318,27.6471],[84.2172,27.6433],[84.2059,27.6384],[84.1954,27.6305],[84.187,27.6258],[84.1786,27.6205],[84.1686,27.6111],[84.161,27.6045],[84.1498,27.5974],[84.1426,27.5898],[84.1356,27.5849],[84.1306,27.5787],[84.1257,27.5676],[84.1198,27.5601],[84.1102,27.5522],[84.0875,27.5556],[84.0664,27.5516],[84.0498,27.5563],[84.0397,27.5419],[84.023,27.5376],[84.0032,27.545],[83.9932,27.5436],[83.9814,27.5453],[83.9719,27.5504],[83.9578,27.5485],[83.9485,27.5402],[83.9345,27.5444],[83.9228,27.5433],[83.9188,27.5316],[83.9216,27.521],[83.928,27.5136],[83.9387,27.5144],[83.9494,27.5233],[83.9573,27.5267],[83.9695,27.5154],[83.9627,27.5032],[83.9389,27.488],[83.9432,27.4625],[83.9399,27.4562],[83.9333,27.4506],[83.9144,27.4419],[83.8912,27.4424],[83.8878,27.4577],[83.8847,27.4635],[83.8859,27.4698],[83.8861,27.4741],[83.8841,27.4818],[83.8774,27.4855],[83.8793,27.4921],[83.8872,27.4959],[83.8955,27.4992],[83.8947,27.5034],[83.8869,27.5085],[83.8774,27.5091],[83.8769,27.5167],[83.882,27.5219],[83.8818,27.5285],[83.8736,27.5374],[83.8658,27.5435],[83.8584,27.5458],[83.8534,27.5528],[83.8484,27.5597],[83.8428,27.5576],[83.8425,27.5512],[83.8385,27.5459],[83.8373,27.5516],[83.8332,27.5615],[83.8341,27.5681],[83.841,27.5742],[83.8368,27.5849],[83.8313,27.5874],[83.8256,27.5909],[83.8187,27.5914],[83.8081,27.5888],[83.8094,27.5955],[83.8018,27.5966],[83.7967,27.599],[83.7905,27.6056],[83.7951,27.6097],[83.7983,27.6163],[83.8007,27.621],[83.8053,27.6219],[83.8025,27.6281],[83.8032,27.6325],[83.8099,27.6362],[83.8084,27.6415],[83.8085,27.646],[83.8078,27.6478],[83.8121,27.6526],[83.8111,27.6585],[83.8074,27.6626],[83.7971,27.6659],[83.7866,27.6664],[83.7777,27.6666],[83.7677,27.6658],[83.7595,27.6633],[83.7505,27.6672],[83.7435,27.6675],[83.7398,27.6698],[83.7297,27.6714],[83.7229,27.6711],[83.7196,27.6688],[83.7159,27.6635],[83.7067,27.659],[83.7025,27.6619],[83.6953,27.662],[83.6986,27.6695],[83.7003,27.6777],[83.7017,27.6815],[83.7019,27.686],[83.6979,27.6911],[83.6933,27.6947],[83.6898,27.7006],[83.6893,27.7085],[83.6851,27.7146],[83.6795,27.7187],[83.6834,27.7208],[83.6916,27.7188],[83.6984,27.7161],[83.705,27.7155],[83.7111,27.7151],[83.7191,27.7119],[83.7244,27.7103],[83.7306,27.7113],[83.7345,27.7145],[83.7419,27.7163],[83.748,27.7196],[83.7575,27.7207],[83.7638,27.7217],[83.7733,27.7239],[83.7814,27.7249],[83.7884,27.7232],[83.7965,27.7222],[83.8041,27.7191],[83.8102,27.7154],[83.818,27.7125],[83.8235,27.7129],[83.8313,27.7136],[83.8383,27.7111],[83.8461,27.7095],[83.846,27.7149],[83.8444,27.7224],[83.8432,27.7285],[83.8436,27.7339],[83.85,27.7339],[83.8583,27.7344],[83.8682,27.7347],[83.8737,27.7337],[83.8766,27.7359],[83.8806,27.7335],[83.8851,27.7329],[83.8899,27.7306],[83.8975,27.7308],[83.902,27.7304],[83.9055,27.7355],[83.9066,27.7316],[83.9155,27.7286],[83.9215,27.7268],[83.9248,27.7301],[83.9298,27.7349],[83.9364,27.7391],[83.945,27.7442],[83.9495,27.746],[83.9532,27.7469],[83.9576,27.7469],[83.9612,27.7481],[83.967,27.7473],[83.9707,27.7499],[83.9768,27.7476],[83.9838,27.7489],[83.99,27.7493],[83.9935,27.7521],[83.9925,27.7561],[83.9939,27.764],[83.997,27.7712],[84,27.7793],[84.0002,27.7882],[84.0028,27.7919],[84.0071,27.7977],[84.0124,27.8013],[84.0146,27.81],[84.0201,27.8153],[84.0247,27.8183],[84.0257,27.8229],[84.0263,27.8304],[84.0239,27.8362],[84.0207,27.842],[84.0224,27.8483],[84.0254,27.8519],[84.0282,27.8565],[84.0174,27.8614],[84.0216,27.8547],[84.0119,27.8529],[83.9975,27.8574],[83.9949,27.8659],[83.9866,27.8661],[83.9773,27.8666],[83.9727,27.8721],[83.9664,27.8705],[83.9576,27.8728],[83.9488,27.8694],[83.943,27.8752],[83.937,27.8778],[83.9325,27.8729],[83.9251,27.8683],[83.9185,27.8717],[83.9103,27.8737],[83.9127,27.8786],[83.8993,27.8829],[83.8914,27.8861],[83.8835,27.8824],[83.8806,27.8865],[83.8753,27.8871],[83.8713,27.8853],[83.8622,27.883],[83.8595,27.8739],[83.8516,27.8746],[83.8519,27.8792],[83.8497,27.8817],[83.8448,27.8776],[83.8474,27.8735],[83.8455,27.8685],[83.8356,27.87],[83.83,27.8725],[83.8221,27.8772],[83.8164,27.8743],[83.8072,27.8733],[83.8022,27.877],[83.796,27.8831],[83.7886,27.8855],[83.784,27.8919],[83.7816,27.896],[83.7759,27.9026],[83.7675,27.9067],[83.7613,27.9101],[83.7562,27.9092],[83.7571,27.9031],[83.7429,27.9063],[83.7468,27.9028],[83.7428,27.9002],[83.735,27.9047],[83.7299,27.91],[83.7231,27.9139],[83.7164,27.9193],[83.7077,27.9169],[83.7008,27.9184],[83.6928,27.9218],[83.6861,27.9182],[83.6802,27.9189],[83.68,27.926],[83.6711,27.9251],[83.6646,27.9173],[83.6572,27.907],[83.6512,27.9023],[83.6445,27.8986],[83.641,27.9024],[83.6325,27.9019],[83.6326,27.912],[83.627,27.9147],[83.6212,27.9187],[83.6233,27.9263],[83.6187,27.9296],[83.6133,27.9272],[83.6032,27.9236],[83.5956,27.9294],[83.588,27.9312],[83.5791,27.9302],[83.5734,27.9317],[83.5739,27.9406],[83.5675,27.9401],[83.564,27.9343],[83.5569,27.9327],[83.5479,27.9283],[83.5407,27.9278],[83.5368,27.9334],[83.5324,27.9391],[83.5308,27.9335],[83.5254,27.925],[83.5231,27.9296],[83.5166,27.937],[83.5077,27.9407],[83.5037,27.9355],[83.5093,27.9336],[83.4995,27.9272],[83.4915,27.9294],[83.4869,27.9248],[83.4817,27.9236],[83.4746,27.9262],[83.4669,27.9293],[83.4599,27.9343],[83.4544,27.9331],[83.4489,27.9285],[83.4417,27.9324],[83.4438,27.9375],[83.4429,27.9431],[83.4491,27.9477],[83.4563,27.9502],[83.4636,27.958],[83.4666,27.9641],[83.4713,27.9698],[83.4779,27.9751],[83.482,27.9812],[83.487,27.9816],[83.4925,27.9783],[83.5001,27.977],[83.5083,27.9704],[83.5144,27.9671],[83.5235,27.9645],[83.5315,27.9651],[83.5398,27.9701],[83.5508,27.9768],[83.5632,27.9746],[83.5763,27.9745],[83.5845,27.9789],[83.5843,27.9853],[83.5875,27.9884],[83.5973,27.9921],[83.6024,27.9962],[83.6032,28.003],[83.6049,28.0118],[83.5986,28.0156],[83.5942,28.0218],[83.5907,28.0249],[83.5836,28.0268],[83.5784,28.034],[83.5704,28.0327],[83.5615,28.0361],[83.5618,28.0419],[83.5604,28.0468],[83.5638,28.0574],[83.561,28.0638],[83.5676,28.0651],[83.5725,28.0737],[83.5801,28.0769],[83.576,28.0827],[83.5726,28.0891],[83.564,28.0914],[83.5638,28.0976],[83.5621,28.103],[83.5553,28.1066],[83.5542,28.1137],[83.5515,28.1181],[83.5425,28.1207],[83.5317,28.1167],[83.5252,28.1209],[83.5153,28.1228],[83.5114,28.1258],[83.5071,28.1262],[83.5013,28.1204],[83.4964,28.1167],[83.4874,28.1136],[83.4822,28.1173],[83.4741,28.1191],[83.4771,28.1247],[83.4783,28.1297],[83.4747,28.1315],[83.4683,28.1319],[83.464,28.1305],[83.4599,28.1315],[83.4554,28.1308],[83.4511,28.1265],[83.4458,28.1251],[83.4421,28.1283],[83.437,28.1299],[83.4292,28.1273],[83.4229,28.1257],[83.42,28.1319],[83.4176,28.1373],[83.412,28.1398],[83.4069,28.1457],[83.4036,28.1492],[83.3974,28.1538],[83.3932,28.1611],[83.3899,28.1675],[83.3835,28.1646],[83.3761,28.1737],[83.3711,28.1762],[83.37,28.1826],[83.3644,28.1861],[83.3625,28.1924],[83.3555,28.1962],[83.3508,28.1953],[83.3464,28.1933],[83.3385,28.1902],[83.3318,28.1893],[83.3232,28.1903],[83.3154,28.1916],[83.3097,28.1958],[83.3022,28.1961],[83.2936,28.1928],[83.2841,28.1904],[83.2775,28.1907],[83.2722,28.1903],[83.2688,28.1973],[83.2596,28.1997],[83.256,28.2056],[83.2521,28.2138],[83.2459,28.2171],[83.2387,28.2203],[83.2336,28.2223],[83.2293,28.2299],[83.2262,28.2348],[83.2211,28.2393],[83.2158,28.2475],[83.2095,28.2505],[83.2028,28.2566],[83.1918,28.264],[83.1862,28.268],[83.1818,28.2694],[83.1769,28.2645],[83.1695,28.2589],[83.1646,28.2622],[83.1615,28.2674],[83.1536,28.2689],[83.1475,28.264],[83.1395,28.2567],[83.1337,28.251],[83.1268,28.253],[83.1215,28.2567],[83.115,28.2535],[83.1077,28.2521],[83.1011,28.2557],[83.0939,28.2576],[83.0956,28.2654],[83.0973,28.273],[83.0923,28.278],[83.0866,28.2869],[83.0787,28.2916],[83.0718,28.3002],[83.0691,28.3093],[83.0639,28.3152],[83.055,28.3183],[83.0451,28.3245],[83.0372,28.3222],[83.0278,28.3241],[83.0186,28.3255],[83.0136,28.3325],[83.0041,28.3328],[82.9991,28.3407],[82.9948,28.3499],[82.9858,28.3551],[82.9751,28.3593],[82.9643,28.3586],[82.9547,28.3602],[82.9553,28.3699],[82.9502,28.3751],[82.9504,28.3839],[82.947,28.3888],[82.9421,28.3948],[82.9416,28.3989],[82.9372,28.4018],[82.929,28.4017],[82.9167,28.4024],[82.9192,28.4087],[82.9182,28.4182],[82.9132,28.4257],[82.9143,28.4342],[82.9063,28.4427],[82.8978,28.448],[82.89,28.4505],[82.8865,28.4547],[82.8828,28.4627],[82.8798,28.4718],[82.8851,28.479],[82.8954,28.4778],[82.9054,28.4758],[82.9121,28.4794],[82.9032,28.4862],[82.8951,28.4936],[82.8887,28.5057],[82.8812,28.5152],[82.888,28.5149],[82.896,28.5162],[82.9039,28.5208],[82.912,28.5258],[82.9123,28.5347],[82.9122,28.544],[82.9148,28.5527],[82.9158,28.563],[82.9193,28.566],[82.9284,28.5671],[82.9355,28.5635],[82.9412,28.5596],[82.9519,28.5559],[82.9575,28.5514],[82.9639,28.5501],[82.9702,28.5446],[82.9771,28.5472],[82.9815,28.5564],[82.9855,28.5709],[82.9664,28.5795],[82.9532,28.5975],[82.9587,28.6119],[82.9733,28.6231],[82.9838,28.6307],[82.994,28.6265],[83.0101,28.6235],[83.0344,28.6257],[83.061,28.6212],[83.0925,28.634],[83.1148,28.6308],[83.116,28.6363],[83.1156,28.6443],[83.1195,28.6499],[83.1238,28.6578],[83.1245,28.6646],[83.12,28.6685],[83.1185,28.6715],[83.121,28.6762],[83.1241,28.6757],[83.1273,28.6741],[83.1311,28.674],[83.1357,28.6744],[83.1397,28.676],[83.1416,28.6783],[83.1446,28.6802],[83.145,28.6844],[83.1438,28.6884],[83.1427,28.691],[83.1433,28.6931],[83.1478,28.6947],[83.1499,28.6962],[83.1506,28.6984],[83.1526,28.7012],[83.1512,28.703],[83.1502,28.7051],[83.1505,28.7081],[83.1508,28.7106],[83.1506,28.713],[83.1481,28.716],[83.1465,28.7183],[83.146,28.7224],[83.1443,28.7254],[83.1448,28.7283],[83.1461,28.7309],[83.1436,28.7326],[83.1431,28.737],[83.1425,28.7404],[83.1432,28.7436],[83.1441,28.7457],[83.1508,28.7479],[83.1565,28.7476],[83.161,28.7467],[83.1638,28.7463],[83.1703,28.745],[83.1727,28.7445],[83.1796,28.7439],[83.1844,28.7438],[83.1876,28.743],[83.1946,28.7388],[83.1977,28.7377],[83.2037,28.7338],[83.207,28.7326],[83.2126,28.733],[83.2182,28.7352],[83.2228,28.7405],[83.2295,28.7428],[83.2332,28.7415],[83.237,28.7397],[83.2387,28.7361],[83.2442,28.733],[83.2515,28.7291],[83.2548,28.7277],[83.2591,28.7263],[83.2655,28.7262],[83.2683,28.7256],[83.2713,28.7249],[83.278,28.7229],[83.2824,28.7259],[83.2889,28.7283],[83.2925,28.7294],[83.2962,28.731],[83.3007,28.7322],[83.3083,28.7327],[83.3126,28.7355],[83.3197,28.7361],[83.3234,28.7373],[83.3269,28.7381],[83.3328,28.7379],[83.3368,28.7373],[83.3432,28.736],[83.3467,28.7358],[83.3504,28.7359],[83.3542,28.7343],[83.358,28.7338],[83.363,28.7353],[83.3663,28.7385],[83.3706,28.7416],[83.3747,28.745],[83.3766,28.7489],[83.384,28.7573],[83.396,28.7618],[83.4096,28.7607],[83.4219,28.7644],[83.436,28.7687],[83.449,28.7706],[83.4584,28.7758],[83.4686,28.7814],[83.4801,28.7824],[83.4869,28.7907],[83.4876,28.7974],[83.4878,28.8035],[83.4853,28.8113],[83.4821,28.8154],[83.4799,28.8198],[83.48,28.8247],[83.4824,28.8291],[83.4835,28.8329],[83.4803,28.8376],[83.4811,28.8421],[83.4875,28.8464],[83.493,28.8461],[83.501,28.8453],[83.5016,28.849],[83.5043,28.8542],[83.5061,28.8591],[83.5057,28.8661],[83.5019,28.8726],[83.502,28.8793],[83.5061,28.8848],[83.5109,28.8878],[83.5146,28.8896],[83.5197,28.8954],[83.5239,28.8992],[83.5275,28.9039],[83.5284,28.9082],[83.537,28.9131],[83.5408,28.9161],[83.5472,28.9231],[83.5528,28.9304],[83.557,28.9354],[83.5577,28.9401],[83.5584,28.9446],[83.5651,28.9442],[83.5714,28.9476],[83.5737,28.9515],[83.5781,28.9549],[83.5824,28.9605],[83.5821,28.9656],[83.586,28.969],[83.5874,28.9733],[83.5871,28.9773],[83.5919,28.9834],[83.5985,28.9858],[83.6012,28.9842],[83.6046,28.9802],[83.6087,28.9803],[83.6116,28.9846],[83.6152,28.9886],[83.6154,28.9956],[83.6148,28.9999],[83.6163,29.005],[83.6132,29.0122],[83.6151,29.0166],[83.6162,29.0196],[83.6143,29.0231],[83.6152,29.0284],[83.6128,29.0336],[83.6151,29.0391],[83.6189,29.0455],[83.6186,29.0522],[83.6193,29.0582],[83.6272,29.0626],[83.6309,29.0676],[83.6297,29.0734],[83.6311,29.0802],[83.6272,29.0845],[83.6239,29.0876],[83.6172,29.0918],[83.6164,29.0985],[83.6218,29.0997],[83.6273,29.1045],[83.6349,29.1072],[83.6416,29.1057],[83.6482,29.104],[83.6523,29.108],[83.6508,29.1128],[83.6533,29.1209],[83.6583,29.1228],[83.6626,29.1248],[83.669,29.1233],[83.6766,29.1239],[83.6788,29.1253],[83.6797,29.1309],[83.6768,29.1354],[83.6758,29.1427],[83.6761,29.1483],[83.6718,29.153],[83.6642,29.1555],[83.6627,29.1606],[83.6621,29.1652],[83.6661,29.1694],[83.6634,29.1728],[83.6587,29.1755],[83.662,29.1849],[83.6583,29.1942],[83.6568,29.2043],[83.672,29.2072],[83.6839,29.213],[83.6927,29.2218],[83.6987,29.2298],[83.7076,29.2382],[83.7183,29.2431],[83.7297,29.2444],[83.7447,29.244],[83.7541,29.2424],[83.7655,29.2404],[83.7748,29.247],[83.787,29.2462],[83.7931,29.2492],[83.7975,29.2539],[83.8005,29.2587],[83.7987,29.265],[83.795,29.2723],[83.7961,29.2788],[83.8028,29.2827],[83.8083,29.2872],[83.81,29.2924],[83.8126,29.2997],[83.818,29.3028],[83.8253,29.3005],[83.8324,29.2993],[83.8392,29.2982],[83.8471,29.2977],[83.8536,29.301],[83.8556,29.3079],[83.8619,29.3111],[83.871,29.3128],[83.8781,29.3155],[83.886,29.3197],[83.8944,29.3194],[83.9005,29.3233],[83.91,29.3235],[83.9198,29.3233],[83.9279,29.3186],[83.9372,29.3182],[83.9481,29.3169],[83.9576,29.327],[83.9636,29.3311]]]]}},{"type":"Feature","properties":{"id":"5","name":"Lumbini"},"geometry":{"type":"MultiPolygon","coordinates":[[[[82.6707,28.8524],[82.6925,28.8631],[82.7059,28.8545],[82.7243,28.8486],[82.7383,28.8461],[82.7481,28.8326],[82.7658,28.8086],[82.7687,28.8116],[82.7718,28.8152],[82.7765,28.8186],[82.7808,28.8233],[82.7848,28.8231],[82.7926,28.8206],[82.7961,28.8214],[82.802,28.8225],[82.8072,28.8255],[82.8126,28.828],[82.8159,28.8302],[82.8194,28.8301],[82.8243,28.8307],[82.8319,28.8305],[82.8364,28.8315],[82.8406,28.8281],[82.8433,28.8265],[82.8481,28.8276],[82.8537,28.8316],[82.8593,28.8324],[82.8646,28.832],[82.8712,28.8325],[82.8762,28.831],[82.8802,28.8301],[82.8843,28.8268],[82.8895,28.826],[82.8932,28.8266],[82.8975,28.8251],[82.9003,28.8288],[82.9043,28.8306],[82.9067,28.8319],[82.912,28.831],[82.9183,28.8312],[82.9233,28.8291],[82.9296,28.8272],[82.9358,28.8274],[82.9394,28.8276],[82.9432,28.8273],[82.9463,28.8288],[82.9502,28.8261],[82.952,28.8235],[82.9574,28.8207],[82.962,28.8203],[82.966,28.8203],[82.9664,28.8162],[82.9691,28.8136],[82.9709,28.8111],[82.9745,28.8082],[82.9753,28.8049],[82.9779,28.802],[82.982,28.8008],[82.9859,28.8023],[82.9907,28.8017],[82.9957,28.8038],[83.0001,28.8022],[83.0033,28.8007],[83.0052,28.7996],[83.0082,28.7999],[83.0113,28.7993],[83.0141,28.7974],[83.0172,28.7949],[83.0197,28.7929],[83.0221,28.7909],[83.0245,28.792],[83.0278,28.7928],[83.0307,28.7933],[83.0344,28.7931],[83.0373,28.7922],[83.0399,28.7905],[83.0426,28.7884],[83.0456,28.7866],[83.0488,28.7867],[83.0518,28.786],[83.0549,28.7859],[83.0575,28.7859],[83.0607,28.7851],[83.0635,28.7844],[83.0664,28.7829],[83.0682,28.7809],[83.0691,28.7803],[83.071,28.7825],[83.0738,28.7841],[83.077,28.7855],[83.0795,28.7858],[83.08,28.7831],[83.0811,28.7804],[83.0837,28.7784],[83.0858,28.7771],[83.0883,28.7749],[83.091,28.7724],[83.0933,28.7696],[83.0954,28.7676],[83.0984,28.7661],[83.1004,28.7632],[83.1021,28.7606],[83.1025,28.7577],[83.1026,28.7556],[83.1031,28.7531],[83.1057,28.7513],[83.1099,28.7486],[83.113,28.7455],[83.1145,28.7434],[83.1175,28.7442],[83.1227,28.7456],[83.1263,28.7461],[83.1304,28.7468],[83.1346,28.7481],[83.1395,28.747],[83.1421,28.7465],[83.1453,28.7472],[83.1434,28.744],[83.1427,28.7417],[83.1429,28.7374],[83.143,28.7331],[83.1457,28.7314],[83.1452,28.729],[83.1443,28.7264],[83.146,28.7228],[83.1454,28.7208],[83.1476,28.7166],[83.1499,28.7135],[83.1511,28.7113],[83.1505,28.7089],[83.1504,28.7059],[83.1504,28.7037],[83.1525,28.7015],[83.1507,28.6988],[83.15,28.6967],[83.1483,28.6948],[83.144,28.6939],[83.143,28.6913],[83.1433,28.6889],[83.1447,28.6852],[83.1463,28.6815],[83.1426,28.6789],[83.1399,28.6762],[83.1361,28.675],[83.1318,28.674],[83.1282,28.6741],[83.1248,28.6752],[83.1216,28.6763],[83.1185,28.6717],[83.1188,28.6698],[83.1236,28.6662],[83.1245,28.6591],[83.1209,28.6519],[83.1163,28.6456],[83.1159,28.6383],[83.1159,28.6315],[83.0986,28.635],[83.0704,28.6234],[83.04,28.6287],[83.0145,28.6219],[82.9966,28.6253],[82.9859,28.6297],[82.9746,28.6261],[82.9623,28.6132],[82.9528,28.5992],[82.9618,28.5831],[82.9819,28.572],[82.9824,28.5595],[82.9782,28.5486],[82.9731,28.5428],[82.9654,28.5481],[82.9596,28.5521],[82.9528,28.5546],[82.9439,28.5581],[82.936,28.5627],[82.93,28.5663],[82.9208,28.5672],[82.9164,28.5646],[82.9137,28.5553],[82.9129,28.5461],[82.9128,28.5363],[82.9141,28.5276],[82.9069,28.5226],[82.8976,28.5169],[82.8909,28.515],[82.8826,28.5154],[82.8871,28.5073],[82.893,28.4959],[82.9017,28.4879],[82.9114,28.4811],[82.9065,28.4758],[82.8976,28.4766],[82.8866,28.4797],[82.8787,28.4736],[82.8827,28.4666],[82.8869,28.4559],[82.8882,28.4511],[82.8964,28.4477],[82.9051,28.4438],[82.9131,28.4351],[82.9123,28.4274],[82.9168,28.4203],[82.9188,28.4102],[82.9159,28.403],[82.9274,28.4022],[82.9357,28.4021],[82.9394,28.3987],[82.9426,28.3964],[82.9466,28.3902],[82.9499,28.3846],[82.9495,28.3756],[82.9551,28.3717],[82.9564,28.363],[82.9616,28.3597],[82.9719,28.3589],[82.9829,28.3569],[82.9935,28.3514],[82.9984,28.343],[83.0029,28.3337],[83.0109,28.3335],[83.0172,28.3273],[83.0256,28.3247],[83.0351,28.3218],[83.0435,28.3247],[83.0513,28.319],[83.062,28.3173],[83.0688,28.3114],[83.0698,28.3015],[83.0785,28.2924],[83.0852,28.2892],[83.0913,28.2799],[83.0974,28.2759],[83.0952,28.2673],[83.0945,28.2594],[83.0992,28.2557],[83.106,28.2522],[83.1128,28.2529],[83.1198,28.2569],[83.1263,28.255],[83.1309,28.2502],[83.1385,28.2551],[83.1448,28.2625],[83.1522,28.2673],[83.1588,28.2687],[83.1632,28.263],[83.1681,28.258],[83.1754,28.2637],[83.1806,28.2684],[83.1854,28.2702],[83.1904,28.2645],[83.2016,28.2575],[83.2064,28.2517],[83.2151,28.2488],[83.2201,28.2408],[83.2251,28.2358],[83.2285,28.2308],[83.2332,28.2252],[83.2376,28.221],[83.2439,28.2175],[83.2506,28.215],[83.2544,28.2073],[83.2588,28.2015],[83.2671,28.1987],[83.2707,28.192],[83.2763,28.189],[83.2819,28.1902],[83.291,28.193],[83.2997,28.1945],[83.309,28.1966],[83.3137,28.1933],[83.321,28.19],[83.3307,28.1892],[83.337,28.1902],[83.3449,28.1936],[83.3502,28.1944],[83.3557,28.1971],[83.3609,28.1935],[83.364,28.1874],[83.3689,28.1837],[83.3705,28.1765],[83.3745,28.1751],[83.3818,28.1665],[83.3883,28.1667],[83.3924,28.1627],[83.3961,28.1548],[83.4028,28.1495],[83.4067,28.1462],[83.4114,28.1411],[83.4166,28.1374],[83.4193,28.1339],[83.4217,28.1271],[83.4277,28.1269],[83.4349,28.1297],[83.4405,28.1295],[83.445,28.1252],[83.4501,28.1262],[83.4543,28.1303],[83.4587,28.1323],[83.4628,28.13],[83.4667,28.1321],[83.4739,28.1322],[83.4781,28.1304],[83.4773,28.1252],[83.4745,28.1196],[83.4804,28.1177],[83.4858,28.1134],[83.495,28.1165],[83.5002,28.1192],[83.5058,28.126],[83.5104,28.127],[83.5145,28.1235],[83.5232,28.1206],[83.5305,28.1179],[83.5398,28.1205],[83.5488,28.1197],[83.5544,28.1145],[83.555,28.1076],[83.5605,28.1044],[83.5645,28.0983],[83.5632,28.0922],[83.5699,28.0893],[83.5756,28.0836],[83.5807,28.0776],[83.574,28.0745],[83.5686,28.066],[83.5613,28.0646],[83.5639,28.0586],[83.5613,28.0484],[83.5606,28.042],[83.5627,28.0377],[83.5677,28.0334],[83.5774,28.0339],[83.5817,28.0288],[83.5898,28.0262],[83.5933,28.0217],[83.5982,28.0173],[83.6045,28.0128],[83.6039,28.004],[83.6033,27.9972],[83.5983,27.9929],[83.5904,27.9887],[83.584,27.9871],[83.5854,27.9799],[83.5789,27.9756],[83.5657,27.9754],[83.5543,27.9765],[83.5436,27.9712],[83.5325,27.9664],[83.526,27.9661],[83.5164,27.9666],[83.5089,27.9692],[83.5024,27.9755],[83.494,27.9781],[83.4886,27.9806],[83.4835,27.9819],[83.479,27.9768],[83.4731,27.9715],[83.4671,27.9647],[83.4638,27.9591],[83.4584,27.9518],[83.451,27.9484],[83.4431,27.9443],[83.4448,27.9384],[83.4402,27.9329],[83.4481,27.9287],[83.4536,27.933],[83.4587,27.9341],[83.4658,27.9306],[83.4736,27.9266],[83.4804,27.924],[83.4865,27.9241],[83.4902,27.9291],[83.4978,27.9271],[83.5098,27.9326],[83.5059,27.9342],[83.5056,27.9401],[83.5155,27.9381],[83.5222,27.9311],[83.5233,27.9242],[83.5302,27.9315],[83.5308,27.939],[83.5372,27.9357],[83.5385,27.9278],[83.547,27.929],[83.5553,27.9315],[83.5628,27.9345],[83.5672,27.937],[83.5734,27.9415],[83.5753,27.9337],[83.5777,27.9304],[83.5848,27.9306],[83.5943,27.9303],[83.6007,27.9234],[83.6115,27.9257],[83.6176,27.9303],[83.622,27.9261],[83.6255,27.9234],[83.6234,27.9161],[83.6337,27.9132],[83.6324,27.9043],[83.6361,27.9005],[83.6437,27.8993],[83.6492,27.9024],[83.6562,27.9049],[83.664,27.9166],[83.6693,27.9235],[83.6783,27.9269],[83.6796,27.9199],[83.6849,27.9169],[83.6911,27.9228],[83.699,27.9175],[83.707,27.9171],[83.7139,27.9179],[83.7219,27.9162],[83.728,27.9108],[83.7348,27.9059],[83.7401,27.9017],[83.7473,27.9021],[83.7425,27.9047],[83.754,27.9044],[83.7563,27.9075],[83.7598,27.9097],[83.7667,27.907],[83.773,27.9048],[83.7809,27.897],[83.7835,27.8926],[83.788,27.8861],[83.7949,27.8832],[83.8002,27.8796],[83.8054,27.8742],[83.8149,27.874],[83.821,27.8778],[83.8267,27.8743],[83.8343,27.8707],[83.8445,27.8685],[83.8475,27.8726],[83.8452,27.877],[83.8479,27.882],[83.8518,27.8798],[83.8511,27.8753],[83.8575,27.8735],[83.8601,27.8807],[83.8695,27.8845],[83.8748,27.8865],[83.8802,27.8876],[83.8818,27.8824],[83.89,27.8859],[83.8969,27.884],[83.9101,27.8803],[83.9111,27.8746],[83.9153,27.8712],[83.9239,27.8686],[83.9311,27.872],[83.9363,27.8769],[83.9427,27.8755],[83.9477,27.8698],[83.9562,27.8718],[83.9649,27.8711],[83.971,27.8726],[83.9762,27.8671],[83.985,27.8659],[83.9934,27.8664],[83.9975,27.8598],[84.0073,27.8547],[84.0226,27.8526],[84.0154,27.8587],[84.0255,27.8586],[84.0258,27.8526],[84.0231,27.849],[84.0223,27.8436],[84.0225,27.8372],[84.0254,27.8318],[84.0259,27.8248],[84.0253,27.8197],[84.0202,27.8168],[84.0151,27.8117],[84.0135,27.8038],[84.0081,27.7978],[84.0039,27.7935],[84.0006,27.7888],[83.9998,27.7823],[83.9979,27.7727],[83.9944,27.7653],[83.9935,27.759],[83.9938,27.753],[83.991,27.7497],[83.9848,27.7486],[83.979,27.749],[83.9717,27.749],[83.9681,27.7478],[83.9626,27.7478],[83.9588,27.7468],[83.9546,27.7467],[83.9502,27.7469],[83.9465,27.7438],[83.9394,27.7409],[83.9313,27.7363],[83.9257,27.7314],[83.9229,27.7268],[83.9169,27.7288],[83.9095,27.7311],[83.9078,27.7347],[83.9031,27.7307],[83.8982,27.7317],[83.8917,27.7309],[83.8865,27.7323],[83.8822,27.7346],[83.8773,27.7355],[83.8746,27.7337],[83.8693,27.7347],[83.8611,27.7343],[83.8517,27.7333],[83.8444,27.7349],[83.8424,27.7299],[83.8442,27.7244],[83.8448,27.7158],[83.8475,27.7104],[83.8401,27.7109],[83.8333,27.714],[83.8238,27.7135],[83.819,27.712],[83.8117,27.7142],[83.8053,27.7181],[83.799,27.7218],[83.7896,27.7229],[83.783,27.7249],[83.7744,27.7238],[83.7665,27.7223],[83.7593,27.7224],[83.7495,27.7201],[83.7429,27.7172],[83.7363,27.7149],[83.7313,27.7124],[83.7265,27.7101],[83.7208,27.7122],[83.7138,27.7157],[83.7063,27.7154],[83.7005,27.7168],[83.6934,27.7177],[83.6859,27.72],[83.6771,27.7186],[83.6841,27.7163],[83.689,27.7094],[83.6897,27.702],[83.6922,27.6953],[83.697,27.6919],[83.7016,27.6869],[83.7027,27.6815],[83.7006,27.6785],[83.6992,27.6716],[83.6962,27.6631],[83.7016,27.6616],[83.706,27.6589],[83.7143,27.6624],[83.7191,27.6675],[83.7221,27.6706],[83.727,27.671],[83.7364,27.6695],[83.7423,27.668],[83.7487,27.6669],[83.7586,27.6651],[83.7653,27.664],[83.7745,27.6662],[83.7855,27.6667],[83.7948,27.6662],[83.8048,27.6634],[83.8114,27.6612],[83.8125,27.654],[83.8102,27.6486],[83.8067,27.6464],[83.8078,27.6432],[83.81,27.638],[83.8042,27.6326],[83.8012,27.6292],[83.805,27.6234],[83.8016,27.6208],[83.7976,27.6179],[83.7972,27.6099],[83.79,27.6069],[83.7953,27.6006],[83.8009,27.5965],[83.8072,27.5968],[83.8079,27.5895],[83.8151,27.5896],[83.8237,27.5921],[83.8303,27.5881],[83.8355,27.5863],[83.8401,27.5765],[83.8362,27.5695],[83.8322,27.5626],[83.8363,27.5534],[83.8376,27.5452],[83.8421,27.5497],[83.8416,27.5562],[83.847,27.5604],[83.8522,27.556],[83.8578,27.5467],[83.8645,27.5442],[83.8723,27.5397],[83.8798,27.5311],[83.8828,27.5236],[83.8773,27.5183],[83.8759,27.5102],[83.8856,27.5087],[83.8929,27.5051],[83.8974,27.4999],[83.8893,27.4976],[83.8819,27.4937],[83.875,27.4885],[83.8819,27.4821],[83.886,27.4757],[83.8862,27.4717],[83.8837,27.4642],[83.889,27.4598],[83.8877,27.4466],[83.8845,27.4356],[83.8673,27.4257],[83.8719,27.4121],[83.8813,27.3911],[83.9062,27.3852],[83.8986,27.3713],[83.8914,27.3647],[83.8891,27.3604],[83.8788,27.3543],[83.862,27.3471],[83.8038,27.3824],[83.7595,27.4028],[83.7346,27.4145],[83.7167,27.4227],[83.705,27.4281],[83.6927,27.4338],[83.6805,27.4394],[83.6684,27.445],[83.651,27.4532],[83.6391,27.4587],[83.6307,27.4625],[83.6199,27.4673],[83.5545,27.4723],[83.4918,27.4751],[83.4283,27.478],[83.3911,27.4782],[83.3885,27.4713],[83.3968,27.4661],[83.4001,27.4642],[83.3999,27.4527],[83.3892,27.4445],[83.3863,27.4385],[83.3921,27.4294],[83.4003,27.4215],[83.4033,27.4196],[83.4097,27.4136],[83.4059,27.4073],[83.3982,27.3982],[83.3861,27.3913],[83.3874,27.3826],[83.3849,27.3724],[83.3741,27.3603],[83.359,27.3513],[83.3591,27.3432],[83.3529,27.3406],[83.3398,27.3343],[83.329,27.3345],[83.3211,27.337],[83.3159,27.3339],[83.3149,27.3316],[83.302,27.3336],[83.2922,27.3358],[83.2697,27.3763],[83.236,27.4081],[83.216,27.4189],[83.2009,27.4385],[83.1886,27.454],[83.1748,27.4556],[83.1624,27.4576],[83.1449,27.4565],[83.1284,27.4556],[83.116,27.4549],[83.0951,27.4538],[83.0749,27.4529],[83.0512,27.4501],[83.024,27.4525],[83.0082,27.4562],[82.9912,27.4598],[82.9712,27.4635],[82.9534,27.4688],[82.943,27.4821],[82.9349,27.4961],[82.9166,27.5014],[82.9033,27.5006],[82.8799,27.4987],[82.8575,27.4991],[82.8383,27.5012],[82.821,27.4999],[82.8046,27.4971],[82.7901,27.4992],[82.7746,27.5007],[82.7567,27.5016],[82.7353,27.5076],[82.7376,27.509],[82.7375,27.5137],[82.7379,27.5185],[82.7434,27.517],[82.7421,27.5212],[82.7466,27.5209],[82.7495,27.5229],[82.7493,27.525],[82.7464,27.5262],[82.7467,27.53],[82.7442,27.5301],[82.7435,27.5326],[82.7446,27.534],[82.7408,27.5368],[82.7417,27.5402],[82.7417,27.5417],[82.7413,27.544],[82.7393,27.5454],[82.7411,27.55],[82.7382,27.5521],[82.7418,27.5542],[82.7456,27.5569],[82.7476,27.5627],[82.7499,27.5687],[82.7493,27.5743],[82.751,27.5794],[82.7542,27.586],[82.7534,27.5905],[82.7461,27.595],[82.7436,27.6021],[82.7368,27.6076],[82.7346,27.6148],[82.7336,27.6201],[82.7323,27.6232],[82.7353,27.6248],[82.7345,27.6295],[82.737,27.633],[82.7375,27.6369],[82.736,27.6434],[82.7333,27.6452],[82.7283,27.6454],[82.7307,27.6499],[82.7238,27.6591],[82.7172,27.6621],[82.7159,27.6684],[82.7161,27.6759],[82.7151,27.6818],[82.7169,27.6895],[82.7102,27.6953],[82.7054,27.7056],[82.706,27.7131],[82.7064,27.719],[82.6753,27.7141],[82.6341,27.7101],[82.6178,27.7029],[82.5937,27.697],[82.562,27.6918],[82.5398,27.6869],[82.518,27.69],[82.498,27.6847],[82.4838,27.6811],[82.4602,27.6776],[82.4334,27.6863],[82.4185,27.6943],[82.4018,27.7028],[82.393,27.7099],[82.3798,27.7243],[82.3694,27.7396],[82.3514,27.749],[82.3294,27.7588],[82.3108,27.7689],[82.2965,27.7781],[82.2755,27.7933],[82.2657,27.8006],[82.2567,27.8073],[82.2481,27.8128],[82.2198,27.8317],[82.2066,27.8438],[82.1893,27.8501],[82.1688,27.8589],[82.154,27.8662],[82.1378,27.8605],[82.1143,27.8776],[82.0674,27.9223],[81.99,27.9292],[81.9639,27.9251],[81.9552,27.9133],[81.9441,27.8998],[81.9291,27.8811],[81.9255,27.8747],[81.9236,27.8591],[81.9143,27.8569],[81.9037,27.8546],[81.8929,27.8561],[81.8819,27.8602],[81.8753,27.8681],[81.8614,27.8775],[81.8423,27.89],[81.8299,27.8994],[81.8124,27.9044],[81.7935,27.9129],[81.7679,27.9332],[81.729,27.9639],[81.6898,27.9899],[81.6455,27.9937],[81.6265,28.0015],[81.615,28.0112],[81.5983,28.0201],[81.5714,28.0339],[81.5418,28.0518],[81.5185,28.0625],[81.4833,28.0798],[81.481,28.1206],[81.4561,28.1361],[81.4471,28.1579],[81.4342,28.1668],[81.4196,28.1729],[81.4029,28.1742],[81.379,28.1761],[81.373,28.173],[81.3672,28.1664],[81.3682,28.1614],[81.3773,28.1587],[81.3767,28.1512],[81.372,28.1441],[81.3647,28.1417],[81.3165,28.1357],[81.3105,28.1559],[81.3027,28.1635],[81.3143,28.1677],[81.3153,28.2035],[81.2805,28.2349],[81.2676,28.2489],[81.2339,28.2879],[81.2248,28.3381],[81.165,28.3692],[81.1107,28.3781],[81.0799,28.385],[81.0646,28.4032],[81.0636,28.4184],[81.0776,28.4338],[81.0876,28.4452],[81.0926,28.4589],[81.1112,28.465],[81.1208,28.4752],[81.138,28.4909],[81.1466,28.4976],[81.1602,28.5015],[81.165,28.5171],[81.1804,28.5365],[81.2065,28.5597],[81.2325,28.5776],[81.2483,28.594],[81.2591,28.6113],[81.2704,28.6251],[81.2756,28.6341],[81.2825,28.64],[81.2877,28.6492],[81.2875,28.6623],[81.2853,28.6733],[81.2925,28.674],[81.3015,28.6734],[81.3039,28.6718],[81.3091,28.6715],[81.3175,28.6701],[81.3213,28.6658],[81.3202,28.6603],[81.3164,28.6526],[81.3102,28.651],[81.3146,28.6441],[81.3152,28.6394],[81.3188,28.6362],[81.3275,28.6325],[81.3353,28.63],[81.3422,28.6269],[81.3552,28.6235],[81.3703,28.618],[81.3798,28.6122],[81.3918,28.6095],[81.4004,28.6033],[81.4093,28.5963],[81.4193,28.5938],[81.4235,28.5839],[81.4273,28.578],[81.4329,28.5714],[81.4357,28.5615],[81.4481,28.5538],[81.4628,28.5543],[81.4723,28.5486],[81.4813,28.5391],[81.4889,28.5348],[81.5011,28.5304],[81.5097,28.5251],[81.5117,28.5206],[81.5156,28.5143],[81.5252,28.511],[81.5332,28.5068],[81.5394,28.5001],[81.5408,28.4948],[81.55,28.494],[81.5584,28.4932],[81.5657,28.4877],[81.5733,28.4809],[81.5806,28.4754],[81.5866,28.4703],[81.5931,28.4683],[81.6012,28.4607],[81.6064,28.4552],[81.6118,28.4545],[81.6184,28.4484],[81.6272,28.4437],[81.6358,28.4338],[81.6453,28.4278],[81.6513,28.4212],[81.6581,28.4158],[81.6659,28.4149],[81.6727,28.4174],[81.6806,28.4137],[81.6873,28.4111],[81.6919,28.404],[81.697,28.3987],[81.7036,28.3926],[81.7126,28.3876],[81.7218,28.3824],[81.7291,28.3791],[81.7384,28.3766],[81.7478,28.3754],[81.7542,28.3724],[81.7626,28.3711],[81.7658,28.3667],[81.7617,28.3611],[81.7578,28.353],[81.7514,28.3423],[81.7506,28.3302],[81.7453,28.322],[81.7459,28.3131],[81.7523,28.3083],[81.7606,28.3092],[81.7668,28.3016],[81.7746,28.2976],[81.7817,28.2953],[81.7887,28.2902],[81.7921,28.2823],[81.7928,28.2747],[81.8001,28.2761],[81.8069,28.283],[81.8158,28.2787],[81.8253,28.2771],[81.8328,28.2743],[81.8417,28.2725],[81.8477,28.2679],[81.8536,28.2609],[81.8597,28.2562],[81.8642,28.2506],[81.8636,28.2434],[81.8619,28.2386],[81.8743,28.2397],[81.8813,28.2427],[81.8884,28.2378],[81.8965,28.2333],[81.9066,28.2325],[81.9149,28.2281],[81.9219,28.2258],[81.9215,28.2222],[81.9259,28.2174],[81.9269,28.2101],[81.9311,28.2077],[81.9387,28.2053],[81.9415,28.2002],[81.9475,28.1985],[81.952,28.1941],[81.9595,28.1942],[81.9627,28.1944],[81.964,28.1912],[81.965,28.1859],[81.9688,28.1825],[81.9732,28.185],[81.9775,28.1832],[81.9842,28.1775],[81.9881,28.1717],[81.993,28.1677],[82.0003,28.1605],[82.0032,28.1571],[82.0076,28.1511],[82.0132,28.1711],[82.0257,28.1849],[82.0296,28.1917],[82.0242,28.2021],[82.0285,28.2107],[82.0361,28.215],[82.0381,28.2193],[82.0418,28.2289],[82.0465,28.2323],[82.0498,28.2377],[82.0609,28.2406],[82.0686,28.237],[82.0735,28.2418],[82.0791,28.2464],[82.0832,28.2488],[82.0926,28.2503],[82.0962,28.2561],[82.1042,28.2585],[82.1116,28.2546],[82.1166,28.2522],[82.1236,28.2542],[82.1328,28.2516],[82.1383,28.245],[82.1427,28.2395],[82.1463,28.2375],[82.1523,28.2382],[82.158,28.2412],[82.163,28.2449],[82.1669,28.2502],[82.1718,28.2512],[82.1786,28.2496],[82.188,28.2485],[82.1977,28.2436],[82.2065,28.2454],[82.2146,28.248],[82.2242,28.2471],[82.2328,28.2403],[82.2415,28.2385],[82.249,28.2394],[82.2569,28.2408],[82.2648,28.2437],[82.2741,28.2475],[82.2808,28.2483],[82.288,28.2457],[82.2933,28.2463],[82.2999,28.246],[82.3013,28.24],[82.3023,28.2334],[82.3086,28.2313],[82.3121,28.2284],[82.3127,28.224],[82.3197,28.2249],[82.3279,28.2251],[82.3354,28.2237],[82.3401,28.2206],[82.3465,28.2152],[82.3494,28.2072],[82.3562,28.2032],[82.3602,28.1983],[82.3647,28.194],[82.368,28.1897],[82.3767,28.1854],[82.3839,28.187],[82.3894,28.189],[82.3941,28.1862],[82.3961,28.18],[82.3937,28.1745],[82.3975,28.1695],[82.4001,28.1746],[82.3992,28.1802],[82.4024,28.1868],[82.4015,28.1942],[82.4019,28.1997],[82.4024,28.2055],[82.4044,28.212],[82.4062,28.2173],[82.4125,28.2235],[82.4173,28.2285],[82.4243,28.2281],[82.4283,28.2311],[82.4269,28.239],[82.4327,28.2424],[82.4371,28.247],[82.4297,28.25],[82.4241,28.2512],[82.4141,28.2536],[82.4091,28.2588],[82.4036,28.2626],[82.4001,28.2692],[82.3967,28.2753],[82.3933,28.2842],[82.3864,28.2909],[82.3823,28.2953],[82.3793,28.3007],[82.3772,28.3117],[82.3712,28.3181],[82.3645,28.319],[82.3668,28.3235],[82.3668,28.3301],[82.3636,28.3334],[82.363,28.3404],[82.3735,28.3488],[82.3789,28.3545],[82.3775,28.3595],[82.3828,28.3647],[82.3809,28.3748],[82.3734,28.3794],[82.368,28.3844],[82.3634,28.3892],[82.3643,28.3987],[82.3625,28.4053],[82.3567,28.4087],[82.3534,28.4136],[82.3517,28.4173],[82.3522,28.424],[82.3638,28.4259],[82.3731,28.4283],[82.3768,28.4332],[82.3756,28.4397],[82.3738,28.4472],[82.3769,28.4509],[82.3824,28.4552],[82.3918,28.4583],[82.3956,28.4605],[82.3964,28.4654],[82.3964,28.4688],[82.4009,28.4705],[82.4043,28.4764],[82.4059,28.4826],[82.4067,28.4877],[82.4111,28.4912],[82.4098,28.4988],[82.4078,28.5028],[82.4088,28.5072],[82.4116,28.5124],[82.4148,28.5139],[82.4171,28.5177],[82.4167,28.5215],[82.4183,28.5282],[82.4248,28.526],[82.4299,28.5246],[82.4336,28.5264],[82.4403,28.5245],[82.4453,28.5231],[82.4528,28.5224],[82.4622,28.5211],[82.4649,28.5233],[82.4714,28.5278],[82.4751,28.5291],[82.4822,28.5327],[82.4878,28.5369],[82.4926,28.5397],[82.4941,28.5427],[82.4918,28.5505],[82.4942,28.5537],[82.4997,28.554],[82.5069,28.5519],[82.513,28.5525],[82.5168,28.5546],[82.5217,28.5541],[82.5257,28.5579],[82.5291,28.5585],[82.5321,28.5654],[82.536,28.5711],[82.5447,28.5736],[82.5526,28.5807],[82.5594,28.5798],[82.5682,28.5779],[82.5759,28.5813],[82.581,28.5876],[82.5812,28.5926],[82.581,28.5995],[82.5797,28.6059],[82.5806,28.6119],[82.5745,28.6118],[82.5662,28.6102],[82.559,28.6111],[82.5528,28.6156],[82.5463,28.6207],[82.5515,28.6253],[82.5436,28.6263],[82.5421,28.622],[82.5348,28.6233],[82.5269,28.6248],[82.5192,28.6246],[82.5111,28.6274],[82.5046,28.6317],[82.4913,28.6381],[82.491,28.6534],[82.4957,28.6628],[82.5013,28.6674],[82.505,28.6625],[82.515,28.6598],[82.5222,28.6584],[82.5286,28.6542],[82.5364,28.6502],[82.5413,28.6467],[82.5495,28.6457],[82.5566,28.6452],[82.5655,28.6521],[82.5732,28.6575],[82.5789,28.6647],[82.5862,28.664],[82.5934,28.6676],[82.5997,28.6735],[82.5998,28.6825],[82.6055,28.6874],[82.614,28.6886],[82.6133,28.6949],[82.6143,28.7042],[82.6149,28.7108],[82.6054,28.7153],[82.6039,28.7234],[82.6017,28.7339],[82.6014,28.7429],[82.5937,28.7416],[82.5841,28.7408],[82.5729,28.741],[82.5661,28.7455],[82.5668,28.7526],[82.5647,28.7649],[82.5686,28.7709],[82.5764,28.7762],[82.5853,28.7813],[82.5893,28.7891],[82.5998,28.7955],[82.6097,28.8043],[82.6176,28.8185],[82.6265,28.8402],[82.6369,28.8559],[82.6496,28.8691],[82.6617,28.858],[82.6707,28.8524]]]]}},{"type":"Feature","properties":{"id":"6","name":"Karnali"},"geometry":{"type":"MultiPolygon","coordinates":[[[[81.6263,30.4459],[81.6356,30.4439],[81.6448,30.44],[81.6531,30.4353],[81.6615,30.4323],[81.6717,30.4279],[81.6773,30.4266],[81.6877,30.4254],[81.6952,30.4236],[81.7024,30.4182],[81.7113,30.4134],[81.7228,30.4116],[81.7297,30.4064],[81.7318,30.3982],[81.7412,30.3934],[81.7496,30.3894],[81.758,30.3886],[81.7643,30.3877],[81.7702,30.3858],[81.7751,30.3845],[81.7819,30.3852],[81.7897,30.3885],[81.7953,30.3877],[81.8013,30.3865],[81.8088,30.3873],[81.8143,30.3841],[81.8179,30.3795],[81.8225,30.3767],[81.8295,30.3758],[81.8347,30.3756],[81.8407,30.3766],[81.8476,30.3737],[81.8499,30.3743],[81.8518,30.3784],[81.8592,30.3781],[81.8659,30.3773],[81.8713,30.3753],[81.8729,30.3725],[81.8765,30.3705],[81.8789,30.3673],[81.8794,30.3642],[81.8817,30.3615],[81.885,30.3605],[81.8901,30.3593],[81.8955,30.3569],[81.901,30.3543],[81.9083,30.3537],[81.9117,30.3513],[81.9152,30.35],[81.9199,30.3511],[81.9245,30.349],[81.9281,30.3489],[81.932,30.3482],[81.9352,30.3478],[81.9393,30.3475],[81.9428,30.3488],[81.9451,30.3501],[81.9449,30.3525],[81.9459,30.3564],[81.9494,30.3589],[81.9536,30.3548],[81.9575,30.3535],[81.9616,30.352],[81.9622,30.3464],[81.9567,30.3413],[81.9621,30.3393],[81.9661,30.3386],[81.9694,30.3377],[81.9727,30.3337],[81.9747,30.3299],[81.9776,30.3296],[81.9815,30.3295],[81.9837,30.3271],[81.987,30.3244],[81.9874,30.3211],[81.9915,30.3214],[81.9948,30.3214],[81.9977,30.3206],[81.9999,30.3227],[82.0015,30.3251],[82.0042,30.3282],[82.0075,30.3296],[82.0115,30.3295],[82.0121,30.3304],[82.0126,30.3328],[82.0118,30.336],[82.0113,30.3386],[82.0114,30.3423],[82.0134,30.3433],[82.0162,30.3441],[82.0211,30.3444],[82.022,30.3431],[82.0244,30.3414],[82.0279,30.3397],[82.0307,30.3376],[82.0345,30.3391],[82.0383,30.3409],[82.041,30.341],[82.0448,30.3393],[82.0493,30.3369],[82.0532,30.335],[82.0557,30.3327],[82.0564,30.3362],[82.0566,30.3387],[82.0583,30.3409],[82.0599,30.345],[82.0634,30.3462],[82.065,30.3484],[82.0645,30.3511],[82.0653,30.3541],[82.0683,30.3568],[82.0712,30.3572],[82.0746,30.3589],[82.0782,30.3593],[82.0835,30.3593],[82.0864,30.3583],[82.0896,30.3556],[82.0913,30.3523],[82.0946,30.3499],[82.0993,30.3485],[82.1008,30.3495],[82.1058,30.349],[82.1109,30.3445],[82.1109,30.341],[82.1105,30.3383],[82.1111,30.3345],[82.1127,30.3308],[82.1157,30.3286],[82.1187,30.3268],[82.1207,30.323],[82.119,30.3207],[82.1193,30.3192],[82.1205,30.3161],[82.1221,30.3123],[82.1232,30.3097],[82.1244,30.3073],[82.1258,30.3049],[82.1283,30.3025],[82.1255,30.3018],[82.1207,30.2975],[82.1169,30.2946],[82.1178,30.2916],[82.1171,30.2884],[82.1149,30.2851],[82.1138,30.2818],[82.1127,30.2789],[82.1098,30.2774],[82.1108,30.2754],[82.1141,30.2749],[82.1162,30.2723],[82.117,30.27],[82.1166,30.2672],[82.1155,30.2645],[82.1177,30.2629],[82.1178,30.2583],[82.1149,30.257],[82.1116,30.2567],[82.1083,30.2553],[82.1075,30.2537],[82.107,30.2512],[82.1052,30.2447],[82.0993,30.2402],[82.1019,30.2349],[82.1077,30.2293],[82.1085,30.227],[82.113,30.2248],[82.1233,30.2259],[82.1278,30.2248],[82.1325,30.2198],[82.1311,30.2144],[82.1322,30.2077],[82.1385,30.2032],[82.14,30.1985],[82.1517,30.1943],[82.1588,30.1893],[82.1724,30.191],[82.1829,30.1911],[82.1861,30.1872],[82.1862,30.1841],[82.184,30.1792],[82.1864,30.1763],[82.1856,30.1704],[82.183,30.1673],[82.1817,30.1629],[82.1866,30.1604],[82.1964,30.1576],[82.2053,30.154],[82.2003,30.1449],[82.1976,30.1373],[82.1971,30.1367],[82.187,30.1338],[82.1814,30.1308],[82.1769,30.1223],[82.1708,30.122],[82.1746,30.118],[82.1807,30.1155],[82.1864,30.1111],[82.1841,30.1096],[82.1823,30.1071],[82.1805,30.1036],[82.1793,30.1016],[82.1805,30.0973],[82.1793,30.0925],[82.1743,30.0869],[82.167,30.0831],[82.1661,30.0807],[82.1683,30.074],[82.1733,30.0656],[82.185,30.0681],[82.1931,30.0688],[82.2045,30.0675],[82.2168,30.0678],[82.2189,30.0684],[82.2312,30.0649],[82.2403,30.0735],[82.2489,30.0746],[82.2524,30.0714],[82.2542,30.069],[82.2582,30.0657],[82.262,30.0644],[82.2657,30.0621],[82.2719,30.062],[82.2778,30.0628],[82.2817,30.0608],[82.2828,30.0577],[82.2843,30.0537],[82.2854,30.0502],[82.2867,30.0466],[82.2904,30.043],[82.2968,30.0406],[82.3012,30.0391],[82.3059,30.0375],[82.3129,30.0392],[82.3182,30.043],[82.3188,30.0479],[82.3218,30.0492],[82.3284,30.0473],[82.3322,30.0472],[82.3352,30.0449],[82.3386,30.0404],[82.3436,30.0368],[82.3444,30.0295],[82.3487,30.0254],[82.353,30.0262],[82.3578,30.0229],[82.3601,30.0194],[82.3623,30.0148],[82.3632,30.0105],[82.3691,30.0141],[82.3736,30.0151],[82.3761,30.0119],[82.3772,30.013],[82.3765,30.0186],[82.3767,30.0219],[82.3776,30.0265],[82.3822,30.0271],[82.3837,30.0233],[82.3872,30.0205],[82.3912,30.0241],[82.3971,30.0232],[82.3995,30.0205],[82.4006,30.017],[82.4025,30.0146],[82.4066,30.0152],[82.4085,30.0114],[82.4132,30.0091],[82.4162,30.0064],[82.421,30.004],[82.4248,29.9947],[82.4374,29.9881],[82.4454,29.9841],[82.4557,29.9778],[82.4627,29.9817],[82.475,29.9743],[82.4743,29.9648],[82.4863,29.9567],[82.4995,29.946],[82.5054,29.9484],[82.5136,29.9519],[82.5195,29.9572],[82.5232,29.9618],[82.5288,29.9707],[82.5374,29.9677],[82.5491,29.9634],[82.5547,29.9584],[82.563,29.9549],[82.5647,29.9466],[82.5655,29.9392],[82.5672,29.9319],[82.5728,29.9263],[82.5806,29.9214],[82.587,29.9169],[82.5925,29.9074],[82.5974,29.8981],[82.6018,29.89],[82.6125,29.8825],[82.6205,29.8791],[82.6337,29.8767],[82.6426,29.87],[82.6407,29.8632],[82.6315,29.8568],[82.6317,29.8496],[82.6218,29.8473],[82.6202,29.8379],[82.63,29.8355],[82.6416,29.8348],[82.6486,29.8383],[82.6571,29.8397],[82.665,29.8415],[82.6716,29.8442],[82.6814,29.8456],[82.6865,29.8521],[82.6937,29.8536],[82.7013,29.8519],[82.7069,29.8422],[82.7115,29.8386],[82.7201,29.839],[82.727,29.8335],[82.7296,29.8246],[82.7373,29.8145],[82.7295,29.8078],[82.72,29.8002],[82.7114,29.7936],[82.7052,29.7926],[82.6984,29.7936],[82.6958,29.7856],[82.6926,29.7781],[82.6894,29.7687],[82.6924,29.7619],[82.6995,29.7624],[82.7083,29.766],[82.7156,29.7686],[82.7216,29.7686],[82.7262,29.7698],[82.7337,29.7707],[82.7433,29.7691],[82.7522,29.7656],[82.7594,29.7545],[82.7667,29.7425],[82.7634,29.731],[82.7789,29.7252],[82.7922,29.7205],[82.8071,29.7216],[82.8202,29.7182],[82.8158,29.7064],[82.8217,29.6941],[82.8357,29.69],[82.8546,29.6869],[82.8728,29.689],[82.8867,29.693],[82.8916,29.7016],[82.9059,29.7007],[82.9124,29.7037],[82.921,29.7046],[82.9339,29.7042],[82.9423,29.6958],[82.9446,29.6834],[82.9454,29.6737],[82.9537,29.6647],[82.9692,29.6638],[82.981,29.6673],[82.9917,29.6634],[82.9991,29.6649],[83.0026,29.6669],[83.0065,29.6706],[83.0093,29.6716],[83.0112,29.6671],[83.0142,29.6635],[83.0157,29.6599],[83.0211,29.6577],[83.0208,29.6512],[83.0262,29.6513],[83.0317,29.6536],[83.0357,29.6517],[83.0385,29.6477],[83.0399,29.6432],[83.0413,29.6388],[83.0428,29.6317],[83.0481,29.6303],[83.0533,29.6275],[83.0583,29.6269],[83.0642,29.6267],[83.066,29.6221],[83.0655,29.6163],[83.0691,29.6117],[83.0711,29.6095],[83.0771,29.6082],[83.0809,29.607],[83.0843,29.6035],[83.089,29.6046],[83.0908,29.6067],[83.0908,29.6121],[83.0961,29.613],[83.1012,29.6144],[83.1054,29.6184],[83.1099,29.6169],[83.1157,29.6162],[83.1169,29.6216],[83.1182,29.6269],[83.1236,29.6264],[83.1259,29.6231],[83.131,29.6185],[83.133,29.6198],[83.137,29.623],[83.1424,29.6247],[83.1466,29.6228],[83.1516,29.623],[83.1553,29.6214],[83.1602,29.6191],[83.1652,29.616],[83.164,29.6117],[83.162,29.6072],[83.16,29.6029],[83.159,29.5982],[83.1616,29.5956],[83.1661,29.5955],[83.1722,29.5939],[83.1766,29.5922],[83.1816,29.5937],[83.1864,29.5961],[83.1888,29.6005],[83.1879,29.6034],[83.1872,29.6075],[83.1908,29.6085],[83.1939,29.6103],[83.1973,29.6104],[83.1983,29.6071],[83.2024,29.6072],[83.2072,29.6072],[83.2127,29.6058],[83.2182,29.6055],[83.2181,29.6016],[83.2165,29.5972],[83.2161,29.5928],[83.2145,29.5894],[83.2187,29.5869],[83.2239,29.5844],[83.2295,29.5815],[83.233,29.5778],[83.2396,29.5776],[83.2448,29.5772],[83.2494,29.5774],[83.2536,29.5774],[83.2595,29.5774],[83.2612,29.5766],[83.2628,29.5728],[83.267,29.5704],[83.2712,29.568],[83.2769,29.5689],[83.2802,29.5669],[83.2826,29.5645],[83.2838,29.5622],[83.2827,29.5587],[83.2805,29.5576],[83.2772,29.5567],[83.2739,29.5545],[83.2699,29.5564],[83.2664,29.5564],[83.2635,29.5551],[83.2603,29.5568],[83.2569,29.5576],[83.2556,29.5552],[83.2576,29.5528],[83.2577,29.5492],[83.2546,29.5454],[83.2555,29.5425],[83.2561,29.5397],[83.2587,29.5383],[83.262,29.5353],[83.2644,29.532],[83.2651,29.5285],[83.2664,29.5249],[83.2688,29.5215],[83.2687,29.518],[83.2673,29.5146],[83.2682,29.5116],[83.268,29.5082],[83.2696,29.5081],[83.2736,29.5057],[83.2748,29.5031],[83.2787,29.501],[83.2844,29.4998],[83.2877,29.5009],[83.2909,29.5027],[83.2934,29.5044],[83.2954,29.5034],[83.2984,29.5017],[83.3014,29.5004],[83.3041,29.5012],[83.3073,29.5019],[83.31,29.5035],[83.3116,29.5064],[83.3139,29.508],[83.3166,29.508],[83.3192,29.506],[83.3215,29.5044],[83.3251,29.5036],[83.3284,29.5036],[83.3301,29.5026],[83.3317,29.5006],[83.3394,29.497],[83.3467,29.4912],[83.3479,29.4846],[83.3464,29.477],[83.3437,29.4713],[83.3427,29.4654],[83.3492,29.4598],[83.3538,29.4514],[83.3644,29.4507],[83.3632,29.4452],[83.367,29.4377],[83.3712,29.4292],[83.3794,29.4249],[83.3868,29.423],[83.3968,29.4215],[83.408,29.4222],[83.415,29.4175],[83.4182,29.4086],[83.425,29.4015],[83.4209,29.3955],[83.4236,29.3874],[83.417,29.3819],[83.4141,29.3773],[83.4142,29.3689],[83.417,29.3619],[83.418,29.3563],[83.4279,29.3516],[83.4384,29.3499],[83.4437,29.3423],[83.4426,29.3354],[83.4462,29.3279],[83.4408,29.3186],[83.4392,29.3108],[83.4446,29.3046],[83.4484,29.2993],[83.4518,29.293],[83.4547,29.2869],[83.4617,29.2831],[83.4647,29.275],[83.4731,29.2768],[83.4857,29.2805],[83.4896,29.2756],[83.493,29.2698],[83.4938,29.2629],[83.5019,29.26],[83.5085,29.257],[83.515,29.2508],[83.518,29.2419],[83.5201,29.2344],[83.5178,29.2229],[83.5238,29.2165],[83.5318,29.2078],[83.5428,29.2021],[83.5532,29.2007],[83.5654,29.2043],[83.5704,29.1975],[83.5756,29.1882],[83.5802,29.1782],[83.5965,29.1752],[83.6115,29.1794],[83.6219,29.1689],[83.6342,29.1589],[83.6454,29.1683],[83.6555,29.1743],[83.6621,29.1737],[83.6652,29.1709],[83.6635,29.1669],[83.6631,29.1634],[83.6628,29.1576],[83.6679,29.1543],[83.6747,29.1503],[83.6753,29.1448],[83.675,29.1374],[83.6786,29.1331],[83.679,29.1273],[83.6792,29.1236],[83.6728,29.1234],[83.6653,29.1239],[83.6595,29.1239],[83.6555,29.122],[83.6506,29.1151],[83.6523,29.11],[83.65,29.1046],[83.644,29.1049],[83.6374,29.1072],[83.6296,29.1069],[83.6238,29.1016],[83.6188,29.0982],[83.615,29.0957],[83.6215,29.089],[83.6259,29.0863],[83.629,29.0822],[83.6303,29.0772],[83.6302,29.0698],[83.6315,29.063],[83.6205,29.0606],[83.6184,29.0556],[83.6189,29.0476],[83.6166,29.0414],[83.6126,29.0352],[83.6144,29.0303],[83.6151,29.026],[83.6146,29.0214],[83.616,29.0178],[83.612,29.0146],[83.6167,29.0068],[83.6155,29.0014],[83.6149,28.9968],[83.6153,28.9915],[83.6139,28.9863],[83.6098,28.9811],[83.6057,28.98],[83.6029,28.9826],[83.5997,28.9856],[83.596,28.9851],[83.5888,28.9797],[83.5868,28.9752],[83.5868,28.9705],[83.5846,28.9669],[83.5826,28.9628],[83.58,28.9562],[83.5754,28.9543],[83.5721,28.9487],[83.5681,28.9441],[83.5601,28.9453],[83.557,28.9413],[83.5578,28.9377],[83.5551,28.9324],[83.5501,28.9275],[83.5424,28.9188],[83.538,28.9139],[83.5333,28.9099],[83.5279,28.9054],[83.5247,28.9007],[83.5218,28.8972],[83.5166,28.8917],[83.5131,28.8887],[83.5079,28.8861],[83.5027,28.8805],[83.4997,28.876],[83.5043,28.8689],[83.5057,28.8627],[83.5058,28.8558],[83.5018,28.851],[83.5019,28.8464],[83.4953,28.8442],[83.4899,28.8466],[83.4817,28.8447],[83.4808,28.8387],[83.4824,28.8346],[83.4831,28.8306],[83.481,28.8265],[83.4798,28.8227],[83.4804,28.8168],[83.4847,28.8128],[83.4855,28.8081],[83.488,28.8002],[83.4867,28.7936],[83.484,28.7861],[83.4722,28.7817],[83.4612,28.7801],[83.4532,28.7721],[83.441,28.7695],[83.427,28.7664],[83.415,28.762],[83.4,28.7609],[83.3872,28.7619],[83.377,28.7521],[83.376,28.747],[83.372,28.7426],[83.3682,28.7402],[83.3641,28.7368],[83.3604,28.7342],[83.3553,28.7339],[83.3516,28.7356],[83.348,28.736],[83.3441,28.7358],[83.3385,28.7368],[83.3347,28.7376],[83.3294,28.7383],[83.3244,28.7377],[83.321,28.7364],[83.3155,28.7362],[83.309,28.7328],[83.3035,28.7324],[83.2985,28.732],[83.2932,28.7296],[83.2906,28.7288],[83.285,28.7268],[83.2801,28.7244],[83.2742,28.7239],[83.2694,28.7254],[83.2667,28.726],[83.2614,28.7264],[83.2561,28.7271],[83.2525,28.7287],[83.2466,28.7314],[83.2398,28.7348],[83.2377,28.7386],[83.2351,28.7407],[83.231,28.7424],[83.2244,28.7412],[83.2199,28.7372],[83.2138,28.7333],[83.2099,28.732],[83.205,28.7331],[83.2006,28.7351],[83.1957,28.7384],[83.1919,28.7408],[83.1859,28.7437],[83.1814,28.744],[83.1737,28.7443],[83.1714,28.7448],[83.1668,28.7452],[83.1621,28.7466],[83.1595,28.7469],[83.1532,28.7479],[83.1473,28.7476],[83.1426,28.7466],[83.1402,28.7466],[83.1373,28.7479],[83.1312,28.7474],[83.1288,28.7463],[83.1231,28.7456],[83.1186,28.7443],[83.1153,28.7433],[83.1131,28.7445],[83.111,28.748],[83.1074,28.7499],[83.1042,28.7524],[83.1025,28.7548],[83.1027,28.7571],[83.1023,28.7601],[83.1009,28.7623],[83.0987,28.7653],[83.0962,28.7672],[83.0936,28.7692],[83.0918,28.7717],[83.0892,28.7742],[83.0866,28.7763],[83.0843,28.7782],[83.082,28.7794],[83.0801,28.7823],[83.0797,28.7852],[83.0779,28.7859],[83.0745,28.7845],[83.0718,28.7829],[83.0698,28.7811],[83.0681,28.7803],[83.067,28.7823],[83.0643,28.7842],[83.0614,28.785],[83.0586,28.7857],[83.0553,28.786],[83.0525,28.7859],[83.0495,28.7865],[83.0461,28.7866],[83.0435,28.7879],[83.0407,28.7898],[83.038,28.7917],[83.0354,28.7929],[83.0319,28.7933],[83.0286,28.7929],[83.0253,28.7923],[83.0227,28.7908],[83.0203,28.7922],[83.0178,28.7945],[83.0153,28.7965],[83.0121,28.7991],[83.009,28.7999],[83.006,28.7995],[83.0038,28.8004],[83.0011,28.8017],[82.9967,28.804],[82.9928,28.8026],[82.9868,28.8025],[82.983,28.8013],[82.979,28.8015],[82.9756,28.8038],[82.975,28.8075],[82.9721,28.8106],[82.9695,28.813],[82.9674,28.816],[82.9657,28.8194],[82.9633,28.8204],[82.9588,28.8203],[82.954,28.8228],[82.9503,28.825],[82.9474,28.8289],[82.9443,28.8277],[82.9405,28.8273],[82.9366,28.8277],[82.9317,28.8272],[82.9246,28.8284],[82.9201,28.8304],[82.9138,28.8312],[82.9075,28.8321],[82.9044,28.8312],[82.9011,28.8294],[82.8986,28.826],[82.8943,28.8259],[82.8903,28.8261],[82.8857,28.8262],[82.8818,28.8288],[82.8773,28.8309],[82.8725,28.8317],[82.8654,28.833],[82.8613,28.8323],[82.8553,28.8323],[82.8494,28.8282],[82.8451,28.8266],[82.8407,28.8276],[82.8373,28.8309],[82.8328,28.8302],[82.8271,28.8308],[82.8204,28.83],[82.8167,28.8309],[82.8134,28.8284],[82.809,28.8262],[82.8034,28.8232],[82.7982,28.8213],[82.7936,28.8199],[82.7862,28.8223],[82.7816,28.8242],[82.7778,28.8192],[82.7732,28.8162],[82.7691,28.8122],[82.767,28.8094],[82.7548,28.8256],[82.7421,28.8456],[82.7275,28.8467],[82.7109,28.8524],[82.6984,28.8623],[82.6745,28.8531],[82.6591,28.8596],[82.6467,28.8681],[82.6357,28.8546],[82.6237,28.8358],[82.6199,28.8125],[82.6082,28.8034],[82.598,28.7935],[82.5895,28.7873],[82.5836,28.7813],[82.5746,28.7759],[82.5671,28.7707],[82.5638,28.762],[82.5666,28.7507],[82.5667,28.7445],[82.575,28.7406],[82.5857,28.7402],[82.5948,28.7425],[82.6017,28.7416],[82.6023,28.7328],[82.6042,28.7228],[82.6064,28.7146],[82.6153,28.7101],[82.6136,28.7029],[82.6144,28.694],[82.6129,28.6885],[82.604,28.6872],[82.6003,28.6797],[82.5998,28.6712],[82.5921,28.6676],[82.5843,28.6646],[82.5783,28.664],[82.5726,28.6568],[82.5642,28.6507],[82.5552,28.6446],[82.5484,28.6461],[82.5399,28.6467],[82.5355,28.6501],[82.5276,28.6549],[82.5215,28.6594],[82.514,28.6595],[82.5041,28.6635],[82.5009,28.666],[82.4943,28.6625],[82.491,28.6518],[82.494,28.6365],[82.5061,28.6311],[82.5118,28.627],[82.5203,28.6248],[82.5278,28.6247],[82.5365,28.6227],[82.5431,28.6225],[82.545,28.627],[82.5513,28.625],[82.5458,28.6185],[82.5542,28.6148],[82.5597,28.6108],[82.5674,28.6097],[82.5753,28.6124],[82.5803,28.6103],[82.5794,28.6046],[82.5808,28.5989],[82.581,28.5914],[82.5808,28.5865],[82.5753,28.5799],[82.5669,28.5778],[82.5581,28.5797],[82.5517,28.5798],[82.5436,28.5727],[82.535,28.5705],[82.5307,28.5646],[82.5286,28.5584],[82.5248,28.557],[82.5213,28.554],[82.5165,28.5546],[82.5124,28.5523],[82.5064,28.5522],[82.499,28.5541],[82.4939,28.5535],[82.4917,28.5494],[82.494,28.5423],[82.4915,28.5387],[82.4862,28.5363],[82.4814,28.5317],[82.4747,28.529],[82.4711,28.5275],[82.4638,28.5218],[82.4605,28.521],[82.452,28.5224],[82.445,28.523],[82.4389,28.5253],[82.4328,28.5262],[82.4292,28.5247],[82.4232,28.527],[82.4181,28.5276],[82.4165,28.5207],[82.4169,28.5175],[82.4142,28.5134],[82.4114,28.5119],[82.4082,28.5062],[82.4086,28.5016],[82.4103,28.4983],[82.4104,28.4902],[82.4062,28.4873],[82.4059,28.4819],[82.4034,28.4757],[82.4005,28.4699],[82.3961,28.4685],[82.3964,28.4653],[82.3946,28.4601],[82.3886,28.458],[82.3819,28.4547],[82.3761,28.4503],[82.3737,28.4457],[82.3756,28.4386],[82.3769,28.4313],[82.3722,28.4279],[82.3627,28.4256],[82.3512,28.4234],[82.3523,28.417],[82.3529,28.4115],[82.3579,28.4086],[82.3634,28.4047],[82.3637,28.3968],[82.3635,28.3887],[82.3692,28.3833],[82.374,28.3784],[82.3823,28.3741],[82.382,28.364],[82.3765,28.359],[82.3795,28.3534],[82.3728,28.3485],[82.363,28.3391],[82.3635,28.3324],[82.3674,28.33],[82.3662,28.3229],[82.3657,28.3191],[82.3725,28.3177],[82.3775,28.3092],[82.3802,28.2994],[82.3827,28.2946],[82.3872,28.29],[82.3948,28.2833],[82.3977,28.2741],[82.4008,28.268],[82.4039,28.2621],[82.4101,28.2584],[82.4156,28.2532],[82.4248,28.2513],[82.4311,28.2491],[82.4369,28.2466],[82.4321,28.242],[82.4267,28.238],[82.4276,28.2301],[82.4234,28.2286],[82.4172,28.2276],[82.4109,28.2228],[82.4059,28.2163],[82.4042,28.2107],[82.4023,28.2047],[82.4019,28.1989],[82.4014,28.1933],[82.4035,28.185],[82.3992,28.179],[82.3998,28.1737],[82.3965,28.1692],[82.3939,28.1765],[82.3965,28.1809],[82.3934,28.1871],[82.3887,28.1889],[82.3827,28.1865],[82.3757,28.1861],[82.367,28.19],[82.3638,28.1946],[82.3594,28.1987],[82.3559,28.2038],[82.3475,28.2085],[82.3461,28.2164],[82.3397,28.222],[82.3346,28.224],[82.3272,28.2253],[82.3191,28.2248],[82.312,28.2248],[82.3115,28.2292],[82.3064,28.2313],[82.3017,28.2338],[82.3014,28.2411],[82.2989,28.2455],[82.2921,28.2468],[82.2866,28.2461],[82.2786,28.248],[82.2731,28.2466],[82.2631,28.2435],[82.2564,28.2399],[82.2482,28.2396],[82.2392,28.2391],[82.2306,28.2417],[82.2228,28.248],[82.2134,28.2475],[82.2052,28.2448],[82.1964,28.2445],[82.1869,28.2485],[82.1769,28.2492],[82.1714,28.2515],[82.1667,28.25],[82.1625,28.2444],[82.1568,28.2413],[82.1514,28.2385],[82.145,28.2375],[82.1429,28.2411],[82.1364,28.2472],[82.1312,28.2522],[82.1228,28.2539],[82.1161,28.2527],[82.1105,28.2557],[82.103,28.2585],[82.0951,28.2557],[82.0922,28.2497],[82.0822,28.2489],[82.0786,28.2461],[82.0718,28.241],[82.0681,28.2372],[82.0598,28.2411],[82.0492,28.2366],[82.0455,28.2315],[82.0418,28.2283],[82.0362,28.2182],[82.034,28.2151],[82.0272,28.209],[82.0234,28.2015],[82.0291,28.1906],[82.0239,28.1848],[82.0148,28.1657],[82.0068,28.1519],[82.0026,28.1581],[81.9998,28.1609],[81.9907,28.1695],[81.9868,28.1729],[81.9833,28.1777],[81.9765,28.1834],[81.9727,28.1846],[81.9683,28.1828],[81.9636,28.1863],[81.9642,28.1919],[81.9608,28.1952],[81.958,28.1941],[81.9507,28.1951],[81.9465,28.1993],[81.9395,28.2015],[81.9386,28.2054],[81.9294,28.2084],[81.9275,28.2114],[81.924,28.2185],[81.9222,28.2232],[81.9217,28.2266],[81.914,28.2284],[81.9048,28.2327],[81.8956,28.2339],[81.8879,28.2393],[81.8797,28.2418],[81.8732,28.2395],[81.8609,28.2387],[81.8641,28.2447],[81.8637,28.2512],[81.8589,28.2566],[81.8529,28.2621],[81.8462,28.2689],[81.8404,28.2725],[81.8315,28.2743],[81.8236,28.2769],[81.8142,28.279],[81.8055,28.2822],[81.7981,28.2737],[81.792,28.2761],[81.7909,28.284],[81.7885,28.2919],[81.7805,28.2952],[81.7738,28.2975],[81.7663,28.3024],[81.7593,28.3087],[81.7513,28.3092],[81.745,28.3136],[81.7461,28.3243],[81.7517,28.3322],[81.752,28.3443],[81.7591,28.3552],[81.7625,28.3624],[81.7658,28.3676],[81.7615,28.3708],[81.7531,28.3739],[81.7458,28.3756],[81.7374,28.377],[81.7274,28.3807],[81.7199,28.3827],[81.7119,28.3882],[81.7018,28.394],[81.6955,28.3996],[81.6918,28.4055],[81.6861,28.4112],[81.6788,28.4151],[81.6725,28.4168],[81.6649,28.415],[81.6574,28.4168],[81.649,28.4223],[81.643,28.4303],[81.6342,28.4346],[81.6259,28.4447],[81.6176,28.449],[81.6106,28.4546],[81.6051,28.4565],[81.6007,28.462],[81.5924,28.469],[81.5863,28.4708],[81.5794,28.4763],[81.573,28.4827],[81.5648,28.4887],[81.5576,28.4948],[81.5484,28.4938],[81.5392,28.4946],[81.5388,28.5009],[81.5322,28.5077],[81.5237,28.5115],[81.515,28.5153],[81.5121,28.5214],[81.5083,28.5257],[81.4996,28.5316],[81.4887,28.5362],[81.4781,28.5391],[81.4696,28.5483],[81.4597,28.5543],[81.4456,28.5541],[81.4334,28.5636],[81.4325,28.573],[81.4246,28.5777],[81.4249,28.5868],[81.4181,28.5947],[81.4074,28.5976],[81.401,28.6051],[81.3889,28.6104],[81.3773,28.6134],[81.3697,28.6195],[81.3503,28.6247],[81.3407,28.6273],[81.3336,28.6302],[81.3271,28.6334],[81.3178,28.6362],[81.3154,28.6397],[81.3134,28.6455],[81.3112,28.652],[81.3164,28.6541],[81.3208,28.6611],[81.321,28.6668],[81.316,28.6706],[81.3085,28.6719],[81.304,28.6711],[81.3003,28.6739],[81.291,28.6747],[81.2853,28.6759],[81.2826,28.6871],[81.2804,28.6964],[81.2721,28.7017],[81.267,28.7063],[81.2732,28.7173],[81.2708,28.7285],[81.2571,28.7294],[81.259,28.7391],[81.2599,28.749],[81.2511,28.7548],[81.2473,28.7634],[81.2505,28.7686],[81.2488,28.7772],[81.2437,28.7828],[81.2366,28.7843],[81.2297,28.7888],[81.2274,28.7986],[81.2365,28.8022],[81.2414,28.8078],[81.2352,28.8138],[81.2293,28.8212],[81.2332,28.8289],[81.2269,28.835],[81.2197,28.8413],[81.207,28.8493],[81.2076,28.8566],[81.2057,28.8627],[81.1988,28.8603],[81.1993,28.8463],[81.1957,28.8357],[81.2016,28.8294],[81.2072,28.8211],[81.2021,28.8169],[81.1922,28.822],[81.1823,28.8249],[81.1757,28.8334],[81.1663,28.8352],[81.1572,28.829],[81.1531,28.8336],[81.1568,28.8417],[81.1531,28.8482],[81.1476,28.8564],[81.1449,28.8713],[81.137,28.8723],[81.1278,28.8634],[81.1268,28.8527],[81.1124,28.8498],[81.0978,28.8506],[81.0877,28.8632],[81.0732,28.8716],[81.0691,28.8775],[81.056,28.8742],[81.0482,28.8831],[81.0395,28.8898],[81.034,28.8985],[81.0293,28.9094],[81.0212,28.9199],[81.0075,28.9275],[80.9983,28.9288],[80.9846,28.9364],[80.9838,28.9427],[80.9947,28.9509],[81,28.9558],[81.0089,28.9573],[81.0167,28.953],[81.0265,28.9588],[81.0358,28.9671],[81.0453,28.9731],[81.0517,28.9778],[81.0592,28.9724],[81.0702,28.9704],[81.0789,28.9682],[81.0924,28.9663],[81.1017,28.9642],[81.112,28.9659],[81.1215,28.9618],[81.1276,28.9563],[81.1333,28.9483],[81.1414,28.9458],[81.1481,28.9372],[81.1577,28.9316],[81.1688,28.9215],[81.1798,28.917],[81.1873,28.9156],[81.1976,28.914],[81.2044,28.9081],[81.214,28.9071],[81.2251,28.9062],[81.2366,28.906],[81.2423,28.9148],[81.252,28.9135],[81.2569,28.907],[81.2641,28.9024],[81.2724,28.9074],[81.2753,28.9151],[81.2817,28.9188],[81.2888,28.9226],[81.2968,28.9243],[81.3055,28.9234],[81.3163,28.9202],[81.3215,28.912],[81.3299,28.9085],[81.337,28.9064],[81.3381,28.8981],[81.3449,28.8915],[81.3575,28.8899],[81.3643,28.8911],[81.3733,28.8928],[81.3819,28.8977],[81.3896,28.9039],[81.3963,28.9089],[81.4067,28.9102],[81.4161,28.9131],[81.4246,28.9094],[81.4339,28.9089],[81.4377,28.9028],[81.4465,28.8987],[81.4571,28.8957],[81.4666,28.8911],[81.4653,28.8837],[81.4623,28.8765],[81.4673,28.8613],[81.4708,28.8504],[81.4905,28.841],[81.4951,28.8299],[81.5023,28.8183],[81.5099,28.8096],[81.5179,28.807],[81.5231,28.8013],[81.5177,28.7934],[81.516,28.786],[81.5182,28.777],[81.5284,28.774],[81.5332,28.7654],[81.5323,28.7578],[81.5205,28.7513],[81.5292,28.749],[81.5539,28.7501],[81.5622,28.7526],[81.5724,28.7555],[81.5813,28.7592],[81.5818,28.7656],[81.5808,28.7715],[81.5808,28.7771],[81.5764,28.7827],[81.5677,28.79],[81.5593,28.7957],[81.5557,28.8024],[81.5522,28.8096],[81.5503,28.8172],[81.5452,28.826],[81.5409,28.8332],[81.5378,28.8403],[81.5345,28.8501],[81.5301,28.8576],[81.5257,28.8639],[81.5224,28.8695],[81.5164,28.8731],[81.5121,28.8809],[81.5018,28.8893],[81.4925,28.8937],[81.4826,28.9042],[81.479,28.9114],[81.4738,28.9166],[81.4676,28.927],[81.4606,28.9302],[81.4552,28.9339],[81.4467,28.9404],[81.4442,28.9448],[81.4448,28.9549],[81.4416,28.96],[81.4321,28.9574],[81.4284,28.963],[81.4227,28.9687],[81.4235,28.9817],[81.416,28.9919],[81.4101,28.997],[81.4153,28.9991],[81.4159,29.018],[81.4325,29.0372],[81.443,29.047],[81.4678,29.0694],[81.4933,29.0883],[81.5114,29.0916],[81.5222,29.1029],[81.5394,29.1089],[81.5599,29.1241],[81.5432,29.133],[81.5344,29.1377],[81.532,29.1475],[81.5194,29.1532],[81.5111,29.1514],[81.4989,29.1522],[81.4984,29.153],[81.4965,29.156],[81.4885,29.1714],[81.4847,29.1928],[81.4857,29.2108],[81.4892,29.2292],[81.4991,29.2385],[81.4949,29.2546],[81.4823,29.2641],[81.4721,29.2687],[81.4817,29.279],[81.5,29.2973],[81.5088,29.3141],[81.5246,29.3176],[81.5379,29.3317],[81.5508,29.3467],[81.5604,29.3532],[81.5729,29.3539],[81.5833,29.3651],[81.6256,29.3689],[81.6441,29.3544],[81.6464,29.3236],[81.67,29.3169],[81.6925,29.3222],[81.7323,29.335],[81.7464,29.3414],[81.7512,29.3499],[81.7501,29.3597],[81.7565,29.3757],[81.7657,29.3858],[81.7747,29.3914],[81.7893,29.389],[81.7963,29.4047],[81.797,29.414],[81.8,29.4303],[81.8034,29.4483],[81.8077,29.4601],[81.8039,29.4752],[81.7894,29.4949],[81.7801,29.5012],[81.7668,29.5035],[81.7692,29.5094],[81.7773,29.5174],[81.7925,29.5298],[81.7932,29.5468],[81.799,29.5592],[81.798,29.5739],[81.7924,29.5867],[81.7897,29.5967],[81.7748,29.6036],[81.761,29.6054],[81.7447,29.6058],[81.7317,29.6119],[81.7202,29.6178],[81.7143,29.6229],[81.7088,29.6331],[81.7,29.6419],[81.7013,29.6489],[81.6995,29.6619],[81.6976,29.6757],[81.7031,29.6883],[81.7067,29.6974],[81.7108,29.7084],[81.7136,29.7199],[81.7215,29.7293],[81.7271,29.7399],[81.7276,29.7497],[81.7324,29.7608],[81.7347,29.7744],[81.7376,29.7854],[81.7438,29.7939],[81.7525,29.7985],[81.7642,29.8017],[81.7724,29.7987],[81.7804,29.8071],[81.7807,29.8179],[81.7832,29.8286],[81.7817,29.8384],[81.7902,29.845],[81.7917,29.8543],[81.7952,29.8637],[81.7967,29.8743],[81.7964,29.8845],[81.7953,29.8924],[81.7988,29.8974],[81.7952,29.9047],[81.7856,29.9104],[81.7734,29.9103],[81.7575,29.9103],[81.7426,29.9073],[81.7324,29.9085],[81.7216,29.9116],[81.714,29.9114],[81.7099,29.9198],[81.7092,29.9273],[81.6991,29.9307],[81.6988,29.9369],[81.6942,29.9444],[81.6853,29.9487],[81.6734,29.9424],[81.6627,29.9412],[81.6554,29.943],[81.6491,29.946],[81.6373,29.945],[81.6312,29.9399],[81.6193,29.9384],[81.612,29.9421],[81.6053,29.9329],[81.5998,29.9307],[81.5896,29.9323],[81.5842,29.9367],[81.5802,29.936],[81.5751,29.9339],[81.5687,29.9326],[81.5619,29.9281],[81.5555,29.9272],[81.5443,29.9258],[81.5346,29.9275],[81.5236,29.9234],[81.5162,29.922],[81.512,29.9166],[81.5149,29.9085],[81.5171,29.9048],[81.5099,29.8992],[81.5047,29.8937],[81.4982,29.8909],[81.4927,29.8872],[81.4862,29.8895],[81.4799,29.8921],[81.4728,29.8901],[81.4669,29.8922],[81.4604,29.8971],[81.4571,29.9058],[81.4616,29.9134],[81.4605,29.9187],[81.4601,29.9257],[81.4596,29.9308],[81.4563,29.9379],[81.4576,29.9443],[81.4541,29.9523],[81.4623,29.9579],[81.468,29.9627],[81.4683,29.9711],[81.4664,29.9795],[81.4607,29.9861],[81.4627,29.9927],[81.4594,29.9986],[81.4554,30.0018],[81.4434,30.0037],[81.435,30.008],[81.4243,30.0109],[81.4187,30.0131],[81.4131,30.0177],[81.3943,30.0171],[81.3836,30.0125],[81.3821,30.0074],[81.3723,30.0099],[81.3677,30.011],[81.3629,30.0096],[81.3492,30.017],[81.3238,30.0254],[81.3146,30.0327],[81.3083,30.0319],[81.3024,30.0322],[81.2941,30.0348],[81.2827,30.04],[81.2754,30.0441],[81.2714,30.0513],[81.2745,30.057],[81.2789,30.064],[81.2862,30.0688],[81.2894,30.0741],[81.2877,30.081],[81.2878,30.0896],[81.2878,30.0999],[81.2882,30.1067],[81.29,30.1118],[81.2835,30.1188],[81.278,30.1255],[81.2709,30.1339],[81.2616,30.1394],[81.2567,30.1474],[81.262,30.1517],[81.2693,30.1535],[81.28,30.1547],[81.2885,30.1559],[81.2965,30.1586],[81.3044,30.1596],[81.3073,30.163],[81.3094,30.1577],[81.3151,30.153],[81.325,30.1526],[81.333,30.1552],[81.3373,30.1635],[81.3436,30.1693],[81.3491,30.176],[81.358,30.1818],[81.3711,30.1904],[81.3746,30.1967],[81.3844,30.2017],[81.3945,30.2063],[81.3968,30.2181],[81.3942,30.2264],[81.3903,30.2334],[81.3957,30.2405],[81.3925,30.2497],[81.3976,30.2538],[81.408,30.2607],[81.414,30.2731],[81.4166,30.2824],[81.4059,30.2824],[81.4027,30.2837],[81.4043,30.2942],[81.4135,30.2992],[81.4225,30.3042],[81.4162,30.3145],[81.4065,30.316],[81.3964,30.3234],[81.4008,30.3306],[81.4059,30.3383],[81.4035,30.3475],[81.4046,30.3547],[81.3998,30.3588],[81.3954,30.3682],[81.4019,30.3704],[81.4093,30.3709],[81.4179,30.3707],[81.4226,30.3762],[81.4292,30.383],[81.4206,30.3857],[81.4145,30.3904],[81.4097,30.3932],[81.4004,30.397],[81.4049,30.407],[81.4069,30.4148],[81.4149,30.4204],[81.4277,30.4219],[81.4354,30.4128],[81.4454,30.4157],[81.457,30.4062],[81.4714,30.3992],[81.4766,30.3884],[81.4927,30.3811],[81.504,30.3811],[81.5099,30.3799],[81.5188,30.3773],[81.5278,30.3737],[81.5357,30.3713],[81.5446,30.3719],[81.5512,30.3699],[81.5552,30.3753],[81.5499,30.3804],[81.55,30.3869],[81.5504,30.3947],[81.5509,30.403],[81.5554,30.407],[81.5595,30.4077],[81.5587,30.4115],[81.5578,30.4168],[81.5589,30.4245],[81.563,30.4292],[81.5733,30.427],[81.5806,30.4239],[81.5883,30.4173],[81.5963,30.4147],[81.6057,30.4123],[81.6118,30.4143],[81.619,30.4218],[81.6213,30.4279],[81.619,30.4353],[81.6174,30.4432],[81.6209,30.447],[81.6263,30.4459]]]]}},{"type":"Feature","properties":{"id":"7","name":"Sudurpashchim"},"geometry":{"type":"MultiPolygon","coordinates":[[[[80.9896,30.2463],[80.9983,30.245],[81.0008,30.2433],[81.0039,30.2421],[81.0055,30.2406],[81.008,30.24],[81.0115,30.2392],[81.0139,30.2387],[81.0169,30.2368],[81.0197,30.2359],[81.0223,30.235],[81.0262,30.2346],[81.0287,30.2328],[81.0268,30.23],[81.0258,30.227],[81.0292,30.2261],[81.0298,30.2232],[81.029,30.2199],[81.0334,30.2187],[81.0365,30.2161],[81.0406,30.2147],[81.0425,30.2119],[81.0452,30.2096],[81.0451,30.2066],[81.043,30.2045],[81.0394,30.203],[81.0349,30.202],[81.035,30.1991],[81.0337,30.1969],[81.0383,30.1949],[81.0421,30.1938],[81.0425,30.1905],[81.0437,30.187],[81.0431,30.184],[81.0442,30.1802],[81.0482,30.1794],[81.0517,30.1789],[81.0533,30.1756],[81.0562,30.1733],[81.057,30.1699],[81.0608,30.1679],[81.0627,30.1651],[81.0634,30.1607],[81.0662,30.1574],[81.07,30.157],[81.0747,30.1556],[81.0782,30.1535],[81.0807,30.1502],[81.0829,30.1476],[81.0826,30.1435],[81.0819,30.14],[81.0829,30.1358],[81.0814,30.132],[81.0795,30.1285],[81.0784,30.1257],[81.0802,30.1226],[81.083,30.1202],[81.0845,30.1171],[81.0846,30.1131],[81.0842,30.1094],[81.0836,30.1056],[81.0818,30.1018],[81.084,30.0993],[81.0905,30.0997],[81.0954,30.1008],[81.0995,30.0991],[81.1021,30.0964],[81.1041,30.0927],[81.1062,30.0899],[81.1086,30.0865],[81.108,30.0834],[81.1065,30.0803],[81.1071,30.0779],[81.1038,30.0766],[81.1007,30.0737],[81.1002,30.0703],[81.0994,30.0665],[81.0979,30.0636],[81.0947,30.0601],[81.0932,30.0567],[81.0914,30.0541],[81.0951,30.0521],[81.098,30.0495],[81.0999,30.0475],[81.1036,30.0455],[81.1071,30.0437],[81.1078,30.0412],[81.1083,30.0388],[81.1106,30.036],[81.1137,30.0344],[81.1179,30.0344],[81.1195,30.0322],[81.1203,30.0305],[81.1222,30.0283],[81.1228,30.0249],[81.1237,30.0214],[81.1252,30.0199],[81.1289,30.0184],[81.1322,30.0166],[81.1359,30.0161],[81.1401,30.0168],[81.1446,30.016],[81.147,30.0135],[81.1499,30.0116],[81.155,30.0119],[81.1588,30.0113],[81.1631,30.0105],[81.1668,30.0122],[81.1696,30.0134],[81.173,30.0143],[81.1765,30.015],[81.1805,30.014],[81.1837,30.0111],[81.1867,30.0131],[81.1896,30.0165],[81.1914,30.0195],[81.1938,30.0219],[81.1973,30.0221],[81.201,30.0214],[81.2048,30.0218],[81.2084,30.0197],[81.2104,30.0161],[81.2139,30.0141],[81.2156,30.011],[81.2173,30.0076],[81.2214,30.0078],[81.2261,30.0081],[81.2304,30.0077],[81.2342,30.0092],[81.2374,30.0115],[81.2419,30.0126],[81.2454,30.0112],[81.2489,30.0148],[81.2526,30.0187],[81.2527,30.024],[81.2466,30.0277],[81.2424,30.0292],[81.2385,30.031],[81.2389,30.0323],[81.2434,30.034],[81.2459,30.0361],[81.2502,30.0387],[81.2601,30.0396],[81.2638,30.0426],[81.2696,30.0446],[81.2772,30.0442],[81.2864,30.0372],[81.2986,30.0335],[81.3046,30.0318],[81.3095,30.0327],[81.3185,30.0257],[81.3408,30.0204],[81.3571,30.0106],[81.3644,30.0098],[81.3694,30.0102],[81.3759,30.0086],[81.3829,30.0087],[81.3847,30.014],[81.3996,30.0185],[81.4155,30.0157],[81.4201,30.0123],[81.4307,30.0076],[81.4403,30.0069],[81.4485,30.0024],[81.4572,30.001],[81.4619,29.9968],[81.4621,29.9909],[81.4618,29.9844],[81.4681,29.9771],[81.4682,29.9688],[81.4668,29.9606],[81.4593,29.9564],[81.4532,29.9488],[81.4586,29.9423],[81.4549,29.9353],[81.4601,29.9299],[81.4607,29.9234],[81.4604,29.9163],[81.4602,29.9103],[81.4565,29.9038],[81.4631,29.8945],[81.4699,29.8902],[81.4747,29.8903],[81.4819,29.8916],[81.4888,29.8881],[81.4942,29.8889],[81.5017,29.8917],[81.5054,29.8942],[81.5137,29.9022],[81.5169,29.9059],[81.5143,29.9109],[81.5129,29.9176],[81.517,29.9228],[81.5269,29.924],[81.5367,29.9268],[81.5495,29.9232],[81.5581,29.9262],[81.5629,29.9293],[81.5711,29.9335],[81.5776,29.9339],[81.5813,29.9362],[81.5853,29.9369],[81.5941,29.9307],[81.6021,29.9303],[81.6059,29.9371],[81.6134,29.9427],[81.6215,29.9395],[81.6354,29.9417],[81.6418,29.9472],[81.6512,29.944],[81.6567,29.9434],[81.666,29.9406],[81.6774,29.9443],[81.6885,29.9487],[81.6979,29.9415],[81.6984,29.9357],[81.7033,29.9291],[81.7099,29.9261],[81.7107,29.9164],[81.7157,29.9096],[81.7285,29.9118],[81.7354,29.9078],[81.7469,29.9085],[81.7621,29.9123],[81.78,29.9111],[81.7891,29.9093],[81.7983,29.9024],[81.7968,29.8968],[81.7962,29.8898],[81.7966,29.8802],[81.7963,29.8713],[81.7953,29.8604],[81.7939,29.8505],[81.7843,29.8412],[81.7831,29.8369],[81.7824,29.8255],[81.7792,29.8144],[81.7779,29.8044],[81.7706,29.7993],[81.7605,29.7986],[81.7491,29.7967],[81.7407,29.7925],[81.7368,29.7806],[81.7309,29.7706],[81.7317,29.7577],[81.7267,29.746],[81.7266,29.7361],[81.7183,29.7269],[81.7128,29.7164],[81.7092,29.7045],[81.7052,29.6952],[81.7,29.6843],[81.6989,29.6712],[81.7015,29.6572],[81.7026,29.6461],[81.7033,29.6408],[81.7099,29.6291],[81.7162,29.6206],[81.7231,29.6153],[81.7342,29.6091],[81.7505,29.6049],[81.7654,29.606],[81.7779,29.5998],[81.7905,29.5927],[81.7954,29.5815],[81.7982,29.5698],[81.7981,29.5557],[81.7907,29.5418],[81.7846,29.5274],[81.7805,29.5113],[81.7634,29.5048],[81.77,29.5036],[81.7844,29.5022],[81.7925,29.4911],[81.8054,29.4693],[81.8079,29.4551],[81.8036,29.4423],[81.7994,29.4257],[81.797,29.4101],[81.7947,29.4002],[81.7865,29.3888],[81.7694,29.3921],[81.7601,29.3851],[81.7534,29.3725],[81.7501,29.3575],[81.7474,29.3467],[81.744,29.3374],[81.7224,29.3325],[81.6843,29.3199],[81.6628,29.3197],[81.6449,29.3296],[81.6391,29.3557],[81.6092,29.3675],[81.5786,29.3627],[81.567,29.348],[81.5585,29.3579],[81.5474,29.3383],[81.5327,29.3284],[81.5212,29.3156],[81.5061,29.3106],[81.4916,29.291],[81.4778,29.2768],[81.4744,29.267],[81.4878,29.263],[81.4946,29.2471],[81.4948,29.2363],[81.4865,29.2247],[81.4843,29.2061],[81.4898,29.1868],[81.4951,29.1667],[81.4982,29.1532],[81.4986,29.1528],[81.4991,29.1518],[81.5132,29.1529],[81.5222,29.153],[81.5334,29.145],[81.535,29.1371],[81.5536,29.1283],[81.5499,29.1186],[81.5331,29.1063],[81.5191,29.0986],[81.5057,29.0905],[81.4836,29.0834],[81.4593,29.0647],[81.4401,29.0417],[81.4305,29.0308],[81.415,29.0138],[81.414,28.9984],[81.4115,28.9958],[81.4191,28.9894],[81.4258,28.9783],[81.4256,28.9657],[81.43,28.9603],[81.4362,28.9567],[81.4431,28.9598],[81.4451,28.9505],[81.4441,28.9427],[81.4502,28.9397],[81.4554,28.9317],[81.4633,28.9289],[81.4703,28.9235],[81.4757,28.9145],[81.4804,28.9096],[81.4862,28.8991],[81.4949,28.8923],[81.5068,28.8898],[81.5143,28.8764],[81.5178,28.8724],[81.5232,28.8668],[81.5271,28.8608],[81.5318,28.8563],[81.5362,28.8459],[81.5376,28.8377],[81.5426,28.8319],[81.547,28.8228],[81.5522,28.8147],[81.5539,28.8072],[81.5569,28.8002],[81.5615,28.7938],[81.5708,28.7872],[81.5789,28.781],[81.5814,28.7757],[81.5811,28.7694],[81.5816,28.764],[81.58,28.7571],[81.5688,28.7547],[81.5591,28.7517],[81.5456,28.7489],[81.5224,28.7483],[81.5231,28.7528],[81.535,28.7609],[81.5313,28.7676],[81.5243,28.776],[81.5166,28.7784],[81.5159,28.7881],[81.5186,28.7961],[81.5213,28.8044],[81.5148,28.8078],[81.5066,28.813],[81.5004,28.8199],[81.4931,28.8344],[81.4856,28.8427],[81.4633,28.8528],[81.4662,28.8683],[81.4622,28.8787],[81.4665,28.886],[81.4639,28.8944],[81.4553,28.8967],[81.4419,28.8999],[81.4357,28.9044],[81.4318,28.9107],[81.4202,28.9104],[81.4149,28.9141],[81.4027,28.909],[81.3936,28.908],[81.3883,28.9011],[81.3791,28.8961],[81.37,28.8916],[81.3619,28.8908],[81.3529,28.8899],[81.3423,28.8927],[81.3371,28.9005],[81.3353,28.9077],[81.3266,28.9077],[81.3206,28.915],[81.3119,28.9198],[81.3021,28.9258],[81.2942,28.9238],[81.286,28.9227],[81.2792,28.9176],[81.2737,28.9122],[81.2691,28.9045],[81.262,28.9026],[81.2549,28.9096],[81.2497,28.9143],[81.2399,28.9123],[81.234,28.906],[81.22,28.9062],[81.2107,28.9078],[81.2023,28.9088],[81.1942,28.9163],[81.1844,28.9149],[81.1755,28.9189],[81.165,28.9251],[81.1544,28.9343],[81.1447,28.941],[81.1386,28.9464],[81.1312,28.9501],[81.1251,28.959],[81.1188,28.9637],[81.1083,28.966],[81.0982,28.9641],[81.089,28.9678],[81.0766,28.9687],[81.0668,28.9702],[81.0557,28.9742],[81.0482,28.978],[81.0418,28.97],[81.0307,28.9647],[81.0232,28.955],[81.0148,28.9542],[81.0066,28.9575],[80.9982,28.9544],[80.9927,28.9482],[80.9818,28.9405],[80.9888,28.9335],[81.0022,28.928],[81.0115,28.9248],[81.0251,28.9133],[81.0307,28.9076],[81.0355,28.8962],[81.0405,28.8887],[81.0502,28.8794],[81.0624,28.8745],[81.0714,28.8774],[81.0738,28.8642],[81.0914,28.859],[81.1018,28.8453],[81.1224,28.8508],[81.1275,28.8571],[81.1295,28.8657],[81.1402,28.8732],[81.1448,28.865],[81.149,28.8534],[81.1566,28.8461],[81.1555,28.8391],[81.1526,28.8315],[81.16,28.8314],[81.1709,28.8352],[81.1768,28.8301],[81.1855,28.8236],[81.1956,28.8213],[81.2036,28.8169],[81.2068,28.8248],[81.1984,28.8309],[81.1973,28.8399],[81.1997,28.8506],[81.2001,28.8625],[81.2074,28.8612],[81.2064,28.8556],[81.2108,28.845],[81.2243,28.8389],[81.2304,28.8334],[81.2303,28.8271],[81.2303,28.8163],[81.24,28.8127],[81.2402,28.8052],[81.2332,28.801],[81.2261,28.7971],[81.2325,28.7862],[81.2388,28.7837],[81.2463,28.7815],[81.2495,28.7745],[81.2497,28.7666],[81.2476,28.7602],[81.2555,28.7528],[81.2611,28.7456],[81.2563,28.7346],[81.2618,28.729],[81.2728,28.7262],[81.2715,28.7141],[81.2666,28.704],[81.2743,28.6996],[81.2817,28.692],[81.2837,28.6846],[81.2855,28.6713],[81.2877,28.6583],[81.2876,28.648],[81.2817,28.639],[81.2734,28.6323],[81.2698,28.6228],[81.2566,28.6073],[81.2481,28.5938],[81.2291,28.5754],[81.203,28.5573],[81.1739,28.5293],[81.1639,28.516],[81.158,28.5011],[81.1456,28.4962],[81.1345,28.4872],[81.1173,28.4739],[81.1105,28.4627],[81.0912,28.4575],[81.0876,28.4441],[81.0764,28.4328],[81.0631,28.4168],[81.0668,28.4001],[81.0425,28.4111],[81.0258,28.4054],[81.0337,28.4284],[81.0169,28.4342],[81.0151,28.452],[80.979,28.436],[80.9557,28.4482],[80.9259,28.4585],[80.9031,28.4778],[80.8962,28.5057],[80.8317,28.5102],[80.7695,28.5499],[80.7387,28.5674],[80.7274,28.5731],[80.7157,28.5685],[80.7067,28.5761],[80.6956,28.5838],[80.6939,28.598],[80.6824,28.6041],[80.6794,28.6207],[80.6718,28.6271],[80.6685,28.6381],[80.658,28.6372],[80.6443,28.6406],[80.6352,28.6388],[80.6234,28.6383],[80.5904,28.6479],[80.5828,28.6658],[80.5704,28.6873],[80.5399,28.6907],[80.5062,28.671],[80.5063,28.6509],[80.5114,28.6238],[80.5163,28.6081],[80.5191,28.5918],[80.5217,28.577],[80.5303,28.574],[80.5252,28.5591],[80.52,28.5543],[80.5163,28.5554],[80.51,28.5635],[80.5034,28.5695],[80.4963,28.5741],[80.4888,28.5798],[80.4812,28.5854],[80.4709,28.5827],[80.4711,28.5851],[80.4689,28.5947],[80.4641,28.6075],[80.4604,28.6141],[80.4643,28.6152],[80.4601,28.6184],[80.4566,28.6234],[80.4444,28.6284],[80.4366,28.6359],[80.4225,28.6377],[80.4047,28.6349],[80.3862,28.6297],[80.3752,28.6287],[80.371,28.6321],[80.363,28.635],[80.3592,28.644],[80.3553,28.6472],[80.3447,28.6561],[80.3287,28.6651],[80.3251,28.6726],[80.322,28.6827],[80.3204,28.6958],[80.3092,28.7041],[80.2976,28.7091],[80.2846,28.7106],[80.2725,28.7146],[80.2636,28.7232],[80.2602,28.7315],[80.2649,28.7446],[80.2585,28.7526],[80.249,28.7577],[80.2407,28.7564],[80.2326,28.7592],[80.2222,28.757],[80.2096,28.7595],[80.1976,28.7667],[80.1878,28.7725],[80.1767,28.779],[80.1667,28.7866],[80.1599,28.7931],[80.1523,28.8006],[80.1424,28.8102],[80.1296,28.8204],[80.0953,28.8264],[80.0637,28.8508],[80.0586,28.9165],[80.1082,28.9844],[80.1266,29.0051],[80.1285,29.012],[80.129,29.0241],[80.1283,29.0364],[80.1334,29.0505],[80.1286,29.0611],[80.1405,29.0927],[80.1501,29.1061],[80.1651,29.1182],[80.1745,29.1267],[80.1885,29.1352],[80.2059,29.1251],[80.2179,29.121],[80.2318,29.1185],[80.2449,29.1272],[80.2524,29.1362],[80.2617,29.14],[80.2724,29.1429],[80.2652,29.1544],[80.2586,29.1654],[80.2607,29.1747],[80.2582,29.1868],[80.251,29.1948],[80.2409,29.2025],[80.2473,29.2173],[80.2555,29.2201],[80.2586,29.2092],[80.2711,29.2071],[80.2823,29.2002],[80.2904,29.1954],[80.2961,29.203],[80.2945,29.2102],[80.2958,29.2184],[80.2925,29.2275],[80.2936,29.2347],[80.2997,29.2408],[80.2986,29.2497],[80.3001,29.2634],[80.3043,29.281],[80.3115,29.2916],[80.3185,29.303],[80.3129,29.3188],[80.2975,29.3237],[80.2898,29.3375],[80.2799,29.3542],[80.2712,29.3645],[80.2738,29.376],[80.2762,29.3819],[80.2755,29.3909],[80.2642,29.3972],[80.2558,29.4027],[80.2455,29.4078],[80.2451,29.4146],[80.2451,29.4262],[80.2476,29.4347],[80.2443,29.4459],[80.2567,29.4502],[80.2679,29.4491],[80.272,29.4536],[80.2755,29.4584],[80.28,29.4513],[80.2889,29.4503],[80.2964,29.4532],[80.3023,29.4557],[80.2915,29.4677],[80.2867,29.4769],[80.2947,29.4817],[80.2987,29.4905],[80.309,29.4855],[80.3148,29.4914],[80.3139,29.4991],[80.3249,29.5041],[80.3313,29.5107],[80.338,29.5109],[80.3465,29.5151],[80.3486,29.5229],[80.3544,29.5271],[80.3546,29.5353],[80.3465,29.541],[80.3421,29.5436],[80.343,29.5517],[80.349,29.5553],[80.3588,29.5557],[80.3641,29.5586],[80.3642,29.5641],[80.3722,29.5628],[80.3788,29.5704],[80.3895,29.5737],[80.3966,29.5847],[80.4058,29.5927],[80.4091,29.6027],[80.4058,29.6128],[80.4111,29.6254],[80.4174,29.6262],[80.421,29.6298],[80.4195,29.6346],[80.4199,29.6395],[80.4144,29.6438],[80.4159,29.6499],[80.4134,29.654],[80.4089,29.6568],[80.4038,29.6597],[80.3982,29.6607],[80.3952,29.6635],[80.3894,29.6678],[80.3874,29.6726],[80.3838,29.6768],[80.385,29.6834],[80.3816,29.6875],[80.3802,29.6947],[80.38,29.7005],[80.3765,29.7046],[80.3746,29.7122],[80.3755,29.7182],[80.3734,29.7216],[80.3665,29.724],[80.3696,29.7335],[80.3642,29.7401],[80.3675,29.7499],[80.3734,29.7493],[80.3806,29.7505],[80.3853,29.7549],[80.3919,29.7598],[80.3964,29.7632],[80.3994,29.7717],[80.4044,29.7776],[80.4072,29.784],[80.4076,29.7912],[80.4129,29.7918],[80.4216,29.7961],[80.4307,29.8008],[80.4389,29.803],[80.4483,29.7991],[80.4581,29.8025],[80.4681,29.801],[80.4777,29.7973],[80.4889,29.7959],[80.4941,29.7997],[80.4962,29.8053],[80.5003,29.8092],[80.4993,29.8134],[80.5016,29.8177],[80.5059,29.8207],[80.5101,29.8243],[80.5152,29.8253],[80.5226,29.8276],[80.5258,29.8329],[80.5296,29.8359],[80.5347,29.8382],[80.5369,29.8429],[80.5393,29.8473],[80.5448,29.8468],[80.5486,29.8501],[80.5536,29.8523],[80.553,29.8579],[80.5581,29.8639],[80.5601,29.8676],[80.5592,29.8732],[80.5659,29.8791],[80.5681,29.8848],[80.5703,29.8914],[80.5723,29.8972],[80.5704,29.907],[80.5709,29.9139],[80.5736,29.9209],[80.5783,29.9282],[80.5799,29.9332],[80.5833,29.9383],[80.586,29.9415],[80.5896,29.9468],[80.5953,29.9529],[80.6028,29.9582],[80.6101,29.959],[80.6185,29.9627],[80.6258,29.9641],[80.6349,29.964],[80.6427,29.9591],[80.6487,29.9559],[80.6569,29.9552],[80.6643,29.9568],[80.6735,29.957],[80.6792,29.9605],[80.6838,29.9669],[80.6897,29.9736],[80.6969,29.9792],[80.7014,29.9816],[80.7064,29.9867],[80.7127,29.9904],[80.7158,29.9955],[80.7194,30.0002],[80.7263,30.0001],[80.7337,29.9996],[80.7409,30.0015],[80.746,30.0051],[80.7504,30.0112],[80.7531,30.0169],[80.7565,30.0227],[80.7575,30.0288],[80.756,30.0349],[80.7575,30.0413],[80.7604,30.0469],[80.7663,30.0521],[80.7763,30.0544],[80.7825,30.0606],[80.7873,30.0673],[80.7905,30.0734],[80.798,30.0802],[80.8029,30.0866],[80.8119,30.0925],[80.8172,30.0971],[80.8251,30.0997],[80.8347,30.0976],[80.8439,30.1016],[80.8437,30.1084],[80.844,30.1151],[80.8535,30.1188],[80.861,30.1208],[80.8692,30.1258],[80.8763,30.1275],[80.8784,30.1333],[80.8762,30.1395],[80.8733,30.1472],[80.8711,30.1536],[80.8714,30.1609],[80.8651,30.1669],[80.8661,30.1732],[80.8722,30.1767],[80.8805,30.1817],[80.8855,30.1882],[80.885,30.1952],[80.8896,30.2007],[80.8949,30.208],[80.9016,30.2138],[80.9069,30.2202],[80.9157,30.2246],[80.921,30.2311],[80.9285,30.2356],[80.9387,30.2355],[80.9486,30.2357],[80.9582,30.2374],[80.967,30.2381],[80.975,30.2378],[80.9816,30.2435],[80.9896,30.2463]]]]}}]}